No,Section,Title,source,track,keywords,evidence,Link
1,Benchmark,TradeTrap: Are LLM-based Trading Agents Truly Reliable and Faithful?,arXiv preprint,Artificial Intelligence (cs.AI),"evaluation framework, benchmark",https://arxiv.org/abs/2512.02261,https://arxiv.org/pdf/2512.02261
2,Benchmark,CN-Buzz2Portfolio: A Chinese-Market Dataset and Benchmark for LLM-Based Macro and Sector Asset Allocation from Daily Trending   Financial News,arXiv preprint,Machine Learning (cs.LG); Artificial Intelligence (cs.AI),benchmark,https://arxiv.org/abs/2603.22305,https://arxiv.org/pdf/2603.22305v1
3,Benchmark,AI-Trader: Benchmarking Autonomous Agents in Real-Time Financial Markets,arXiv preprint,"Computational Finance (q-fin.CP); Computational Engineering, Finance, and Science (cs.CE)",benchmark,https://arxiv.org/abs/2512.10971,https://arxiv.org/pdf/2512.10971
4,Benchmark,AlphaBench: Benchmarking Large Language Models in Formulaic Alpha Factor Mining,ICLR 2026,Poster; Primary Area: datasets and benchmarks,Alpha Mining; LLM Benchmark; LLM Agent; Data Science and Engineering,https://openreview.net/forum?id=d97Q8r7ZKZ,https://openreview.net/pdf?id=d97Q8r7ZKZ
5,Benchmark,CSMD: Curated Multimodal Dataset for Chinese Stock Analysis,arXiv preprint,"Computational Engineering, Finance, and Science (cs.CE)","dataset, benchmark",https://arxiv.org/abs/2511.01318,https://arxiv.org/pdf/2511.01318
6,Benchmark,Constructing a Portfolio Optimization Benchmark Framework for Evaluating Large Language Models,arXiv preprint,Portfolio Management (q-fin.PM),benchmark,https://arxiv.org/abs/2603.09301,https://arxiv.org/pdf/2603.09301v1
7,Benchmark,When Agents Trade: Live Multi-Market Trading Benchmark for LLM Agents,arXiv preprint,Computation and Language (cs.CL),"benchmark, agent trading",https://arxiv.org/abs/2510.11695,https://arxiv.org/pdf/2510.11695
8,Benchmark,Re(Visiting) Time Series Foundation Models in Finance,arXiv preprint,Computational Finance (q-fin.CP); Artificial Intelligence (cs.AI); Machine Learning (cs.LG); Portfolio Management (q-fin.PM); Pricing of Securities (q-fin.PR),benchmark,https://arxiv.org/abs/2511.18578,https://arxiv.org/pdf/2511.18578v1
9,Benchmark,A Test of Lookahead Bias in LLM Forecasts,arXiv preprint,General Finance (q-fin.GN); Machine Learning (cs.LG); Trading and Market Microstructure (q-fin.TR),"benchmark, LLM forecasting",https://arxiv.org/abs/2512.23847,https://arxiv.org/pdf/2512.23847v1
10,Deep RL,Replayable Financial Agents: A Determinism-Faithfulness Assurance Harness for Tool-Using LLM Agents,arXiv preprint,Artificial Intelligence (cs.AI); Computation and Language (cs.CL),"benchmark, regulatory audit reply",https://arxiv.org/abs/2601.15322,https://arxiv.org/pdf/2601.15322v1
11,Deep RL,Reinforcement Learning for Optimized Trade Execution,ICML 2006,Conference paper,reinforcement learning; optimized trade execution; limit order book; market microstructure,https://www.cis.upenn.edu/~mkearns/papers/rlexec.pdf,https://www.cis.upenn.edu/~mkearns/papers/rlexec.pdf
12,Deep RL,DeepAries: Adaptive Rebalancing Interval Selection for Enhanced Portfolio Selection,CIKM 2025,Proceedings article,deep RL,https://doi.org/10.1145/3746252.3761572,https://dl.acm.org/doi/10.1145/3746252.3761572
13,Deep RL,MetaTrader: Learning to Generalize RL Trading Policies Beyond Offline Data,AAAI-26,AAAI Technical Track on Machine Learning X,reinforcement learning; offline RL; portfolio optimization; generalization,https://ojs.aaai.org/index.php/AAAI/article/view/40027,https://ojs.aaai.org/index.php/AAAI/article/view/40027
14,Deep RL,Adaptive Bidirectional State Space Model for High-frequency Portfolio Management,CIKM 2025,Proceedings article,deep RL,https://doi.org/10.1145/3746252.3761246,https://dl.acm.org/doi/10.1145/3746252.3761246
15,Deep RL,ArchetypeTrader: Reinforcement Learning for Selecting and Refining Learnable Strategic Archetypes in Quantitative Trading,AAAI-26,AAAI Technical Track on Machine Learning XI,reinforcement learning; strategic archetypes; quantitative trading; cryptocurrency trading,https://ojs.aaai.org/index.php/AAAI/article/view/40166,https://ojs.aaai.org/index.php/AAAI/article/view/40166
16,Deep RL,Q-A3C2: Quantum Reinforcement Learning with Time-Series Dynamic Clustering for Adaptive ETF Stock Selection,arXiv preprint,"Computational Engineering, Finance, and Science (cs.CE)","Quantum Reinforcement Learning, ETF stock selection",https://arxiv.org/abs/2512.21819,https://arxiv.org/pdf/2512.21819
17,Deep RL,Janus-Q: End-to-End Event-Driven Trading via Hierarchical-Gated Reward Modeling,arXiv preprint,Computation and Language (cs.CL); Machine Learning (cs.LG),"event-driven trading, deep RL",https://arxiv.org/abs/2602.19919,https://arxiv.org/pdf/2602.19919v1
18,Deep RL,The Enhanced Physics-Informed Kolmogorov-Arnold Networks: Applications of Newton's Laws in Financial Deep Reinforcement Learning (RL) Algorithms,arXiv preprint,"Computational Engineering, Finance, and Science (cs.CE)","deep RL, PINN, Kolmogorov-Arnold Networks",https://arxiv.org/abs/2602.01388,https://arxiv.org/abs/2602.01388
19,Deep RL,Deep Reinforcement Learning for Automated Stock Trading: An Ensemble Strategy,arXiv preprint,Trading and Market Microstructure (q-fin.TR); Computational Finance (q-fin.CP); Portfolio Management (q-fin.PM); Machine Learning (stat.ML),"deep RL, ensemble strategy",https://arxiv.org/abs/2511.12120,https://arxiv.org/pdf/2511.12120v1
20,Deep RL,Reinforcement Learning for Portfolio Optimization with a Financial Goal and Defined Time Horizons,arXiv preprint,Portfolio Management (q-fin.PM); Artificial Intelligence (cs.AI); Machine Learning (cs.LG),"deep RL, portfolio optimization",https://arxiv.org/abs/2511.18076,https://arxiv.org/pdf/2511.18076v1
21,Deep RL,Hybrid LSTM and PPO Networks for Dynamic Portfolio Optimization,arXiv preprint,"Machine Learning (cs.LG); Artificial Intelligence (cs.AI); Computational Engineering, Finance, and Science (cs.CE); Portfolio Management (q-fin.PM)","deep RL, LSTM",https://arxiv.org/abs/2511.17963,https://arxiv.org/pdf/2511.17963v1
22,Deep RL,"Reinforcement Learning in Financial Decision Making: A Systematic Review of Performance, Challenges, and Implementation Strategies",arXiv preprint,Computational Finance (q-fin.CP),"deep RL, systematic review",https://arxiv.org/abs/2512.10913,https://arxiv.org/pdf/2512.10913v1
23,Deep RL,Deep Hedging with Reinforcement Learning: A Practical Framework for Option Risk Management,arXiv preprint,Portfolio Management (q-fin.PM); Risk Management (q-fin.RM),"deep RL, options hedging",https://arxiv.org/abs/2512.12420,https://arxiv.org/pdf/2512.12420v1
24,Deep RL,Logic-Q: Improving Deep Reinforcement Learning-based Quantitative Trading via Program Sketch-based Tuning,AAAI-25,AAAI Technical Track on Machine Learning III,deep reinforcement learning; program sketching; quantitative trading; neural-symbolic tuning,https://ojs.aaai.org/index.php/AAAI/article/view/34045,https://ojs.aaai.org/index.php/AAAI/article/view/34045
25,AI agent,An Interactive Simulation Framework by Ensemble Imitation Learning Agents for Training Robust Trading Policies,AAAI-26 / IAAI-26,IAAI Technical Track on Emerging Applications of AI,imitation learning; reinforcement learning; market simulation; robust trading policies,https://ojs.aaai.org/index.php/AAAI/article/view/41493,https://ojs.aaai.org/index.php/AAAI/article/view/41493
26,AI agent,FactorMiner: A Self-Evolving Agent with Skills and Experience Memory for Financial Alpha Discovery,arXiv preprint,Trading and Market Microstructure (q-fin.TR); Multiagent Systems (cs.MA),LLM agent,https://arxiv.org/abs/2602.14670,https://arxiv.org/pdf/2602.14670v1
27,AI agent,ASDA: Automated Skill Distillation and Adaptation for Financial Reasoning,arXiv preprint,"Computation and Language (cs.CL); Artificial Intelligence (cs.AI); Computational Engineering, Finance, and Science (cs.CE)","LLM adaptation, agent skills, skill distillation",https://arxiv.org/abs/2603.16112,https://arxiv.org/pdf/2603.16112
28,AI agent,Trade in Minutes! Rationality-Driven Agentic System for Quantitative Financial Trading,arXiv preprint,Multiagent Systems (cs.MA); Artificial Intelligence (cs.AI),LLM trading bot,https://arxiv.org/abs/2510.04787,https://arxiv.org/pdf/2510.04787
29,AI agent,Designing Agentic AI-Based Screening for Portfolio Investment,arXiv preprint,Portfolio Management (q-fin.PM); Artificial Intelligence (cs.AI); Multiagent Systems (cs.MA); Statistical Finance (q-fin.ST),"portfolio construction, AI agent",https://arxiv.org/abs/2603.23300,http://arxiv.org/pdf/2603.23300v1
30,AI agent,Beyond Prompting: An Autonomous Framework for Systematic Factor Investing via Agentic AI,arXiv preprint,Portfolio Management (q-fin.PM); General Finance (q-fin.GN); Pricing of Securities (q-fin.PR),"AI agent, systematic factor investing",https://arxiv.org/abs/2603.14288,https://arxiv.org/pdf/2603.14288v1
31,AI agent,"AI Agents in Financial Markets: Architecture, Applications, and Systemic Implications",arXiv preprint,General Finance (q-fin.GN),"AI agent, review, perspective",https://arxiv.org/abs/2603.13942,https://arxiv.org/pdf/2603.13942v1
32,AI agent,Toward Expert Investment Teams:A Multi-Agent LLM System with Fine-Grained Trading Tasks,arXiv preprint,Artificial Intelligence (cs.AI); Trading and Market Microstructure (q-fin.TR),"AI agent, multi agent",https://arxiv.org/abs/2602.23330,https://arxiv.org/pdf/2602.23330v1
33,AI agent,TimeSeriesScientist: A General-Purpose AI Agent for Time Series Analysis,arXiv preprint,Machine Learning (cs.LG),"LLM-driven agentic framework, timeseries forecasting",https://arxiv.org/abs/2510.01538,https://arxiv.org/pdf/2510.01538
34,AI agent,Market-Dependent Communication in Multi-Agent Alpha Generation,arXiv preprint,"Multiagent Systems (cs.MA); Computational Engineering, Finance, and Science (cs.CE); Computational Finance (q-fin.CP); Trading and Market Microstructure (q-fin.TR)","AI agent, multi agent",https://arxiv.org/abs/2511.13614,https://arxiv.org/pdf/2511.13614
35,AI agent,Orchestration Framework for Financial Agents: From Algorithmic Trading to Agentic Trading,arXiv preprint,"Multiagent Systems (cs.MA); Artificial Intelligence (cs.AI); Computational Engineering, Finance, and Science (cs.CE); Machine Learning (cs.LG)","AI agent, algorithmic trading",https://arxiv.org/abs/2512.02227,https://arxiv.org/pdf/2512.02227v1
36,AI agent,A Hybrid Architecture for Options Wheel Strategy Decisions: LLM-Generated Bayesian Networks for Transparent Trading,arXiv preprint,Computational Finance (q-fin.CP),"LLM, Bayesian Networks, options trading",https://arxiv.org/abs/2512.01123,https://arxiv.org/pdf/2512.01123v1
37,AI agent,Knowledge-Augmented Large Language Model Agents for Explainable Financial Decision-Making,arXiv preprint,Computation and Language (cs.CL),"AI agent, explainable AI",https://arxiv.org/abs/2512.09440,http://arxiv.org/pdf/2512.09440v1
38,AI agent,HiveMind: Contribution-Guided Online Prompt Optimization of LLM Multi-Agent Systems,arXiv preprint,Multiagent Systems (cs.MA),"AI agent, prompt optimization",https://arxiv.org/abs/2512.06432,http://arxiv.org/pdf/2512.06432v1
39,AI agent,LLM-based Personalized Portfolio Recommender: Integrating Large Language Models and Reinforcement Learning for Intelligent Investment Strategy Optimization,arXiv preprint,Machine Learning (cs.LG),"AI agent, deep RL, portfolio recommendation",https://arxiv.org/abs/2512.12922,https://arxiv.org/pdf/2512.12922v1
40,AI agent,Alpha-R1: Alpha Screening with LLM Reasoning via Reinforcement Learning,arXiv preprint,"Trading and Market Microstructure (q-fin.TR); Artificial Intelligence (cs.AI); Computational Engineering, Finance, and Science (cs.CE); Machine Learning (cs.LG)","AI agent, deep RL",https://arxiv.org/abs/2512.23515,https://arxiv.org/pdf/2512.23515v1
41,AI agent,Autonomous Market Intelligence: Agentic AI Nowcasting Predicts Stock Returns,arXiv preprint,General Finance (q-fin.GN); Portfolio Management (q-fin.PM); Trading and Market Microstructure (q-fin.TR),"AI agent, nowcasting",https://arxiv.org/abs/2601.11958,https://arxiv.org/pdf/2601.11958v1
42,AI agent,"FinRpt: Dataset, Evaluation System and LLM-based Multi-agent Framework for Equity Research Report Generation",arXiv preprint,Computation and Language (cs.CL); Artificial Intelligence (cs.AI),"AI agent, dataset, report generation",https://arxiv.org/abs/2511.07322,https://arxiv.org/pdf/2511.07322
43,AI agent,H3M-SSMoEs: Hypergraph-based Multimodal Learning with LLM Reasoning and Style-Structured Mixture of Experts,arXiv preprint,Artificial Intelligence (cs.AI),"hypergraph, multimodal learning, MoE",https://arxiv.org/abs/2510.25091,https://arxiv.org/pdf/2510.25091
44,AI agent,"3S-Trader: A Multi-LLM Framework for Adaptive Stock Scoring, Strategy, and Selection in Portfolio Optimization",arXiv preprint,Portfolio Management (q-fin.PM),"AI agent, multi-LLM",https://arxiv.org/abs/2510.17393,https://arxiv.org/pdf/2510.17393
45,AI agent,AlphaQuanter: An End-to-End Tool-Augmented Agentic Reinforcement Learning Framework for Stock Trading,arXiv preprint,"Computational Engineering, Finance, and Science (cs.CE)","AI agent, deep RL",https://arxiv.org/abs/2510.14264,https://arxiv.org/pdf/2510.14264
46,State space model,ATLAS: Adaptive Trading with LLM AgentS Through Dynamic Prompt Optimization and Multi-Agent Coordination,arXiv preprint,Trading and Market Microstructure (q-fin.TR); Artificial Intelligence (cs.AI),AI agent,https://arxiv.org/abs/2510.15949,https://arxiv.org/pdf/2510.15949
47,State space model,Spatio-Temporal Wavelet Enhanced Attention Mamba for Stock Price Forecasting,CIKM 2025,Proceedings article,spatiotemporal time series,https://doi.org/10.1145/3746252.3761399,https://dl.acm.org/doi/pdf/10.1145/3746252.3761399
48,State space model,FinD3: A Dual 3D State Space Model with Dynamic Hypergraph for Financial Stock Prediction,CIKM 2025,Proceedings article,state space model,https://doi.org/10.1145/3746252.3761239,https://dl.acm.org/doi/10.1145/3746252.3761239
49,State space model,MaGNet: A Mamba Dual-Hypergraph Network for Stock Prediction via Temporal-Causal and Global Relational Learning,arXiv preprint,Machine Learning (cs.LG); Artificial Intelligence (cs.AI),"state space model, hypergraph",https://arxiv.org/abs/2511.00085,https://arxiv.org/pdf/2511.00085
50,Generative model (other than transformer-based),S^3G: Stock State Space Graph for Enhanced Stock Trend Prediction,arXiv preprint,"Computational Engineering, Finance, and Science (cs.CE)",state space model,https://arxiv.org/abs/2603.24236,http://arxiv.org/pdf/2603.24236v1
51,Generative model (other than transformer-based),STABLE: Shift-Tolerant Allocation via Black-Litterman Using Conditional Diffusion Estimates,ICLR 2026,Poster; Primary Area: learning on time series and dynamical systems,portfolio allocation; time-series estimation; generative modeling,https://openreview.net/forum?id=VltZQpfarw,https://openreview.net/pdf?id=VltZQpfarw
52,Generative model (other than transformer-based),STORM: A Spatio-Temporal Factor Model Based on Dual Vector Quantized Variational Autoencoders for Financial Trading,WSDM 2026,Proceedings article,"factor model, VAE",https://doi.org/10.1145/3773966.3777972,https://doi.org/10.1145/3773966.3777972
53,Generative model (other than transformer-based),Diffusion Models for Risk-Aware Portfolio Optimization,WSDM 2026,Proceedings article,diffusion model,https://doi.org/10.1145/3773966.3777955,https://doi.org/10.1145/3773966.3777955
54,Generative model (other than transformer-based),Controllable Financial Market Generation with Diffusion Guided Meta Agent,arXiv preprint,"Computational Engineering, Finance, and Science (cs.CE); Trading and Market Microstructure (q-fin.TR)","conditional diffusion model, generative model",https://arxiv.org/abs/2408.12991,https://arxiv.org/pdf/2408.12991
55,Generative model (other than transformer-based),Forecasting implied volatility surface with generative diffusion models,arXiv preprint,Computational Finance (q-fin.CP); Mathematical Finance (q-fin.MF),"generative diffusion models, implied volatility",https://arxiv.org/abs/2511.07571,https://arxiv.org/pdf/2511.07571v1
56,Generative model (other than transformer-based),Generative AI-enhanced Sector-based Investment Portfolio Construction,arXiv preprint,"Portfolio Management (q-fin.PM); Artificial Intelligence (cs.AI); Computational Engineering, Finance, and Science (cs.CE); Computational Finance (q-fin.CP)","generative AI, portfolio construction",https://arxiv.org/abs/2512.24526,https://arxiv.org/pdf/2512.24526v1
57,Generative model (other than transformer-based),TF-CoDiT: Conditional Time Series Synthesis with Diffusion Transformers for Treasury Futures,arXiv preprint,Machine Learning (cs.LG); Artificial Intelligence (cs.AI),"diffusion transformers, generative model",https://arxiv.org/abs/2601.11880,https://arxiv.org/pdf/2601.11880v1
58,Generative model (other than transformer-based),MarketGANs: Multivariate financial time-series data augmentation using generative adversarial networks,arXiv preprint,Statistical Finance (q-fin.ST); Machine Learning (cs.LG); Econometrics (econ.EM),"GANs, data augmentation",https://arxiv.org/abs/2601.17773,https://arxiv.org/pdf/2601.17773v1
59,Numerical optimization,IKNet: Interpretable Stock Price Prediction via Keyword-Guided Integration of News and Technical Indicators,arXiv preprint,"Computational Engineering, Finance, and Science (cs.CE); Artificial Intelligence (cs.AI)",sentiment analysis,https://arxiv.org/abs/2510.07661,https://arxiv.org/pdf/2510.07661
60,Numerical optimization,Yau's Affine-Normal Descent for Large-Scale Unrestricted Higher-Moment Portfolio Optimization,arXiv preprint,"Portfolio Management (q-fin.PM); Computational Engineering, Finance, and Science (cs.CE); Optimization and Control (math.OC); Computational Finance (q-fin.CP)",numerical optimization,https://arxiv.org/abs/2604.25378,https://arxiv.org/pdf/2604.25378
61,Numerical optimization,Signed network models for dimensionality reduction of portfolio optimization,arXiv preprint,"Combinatorics (math.CO); Computational Engineering, Finance, and Science (cs.CE)",portfolio optimization,https://arxiv.org/abs/2602.21362,https://arxiv.org/pdf/2602.21362v1
62,Numerical optimization,LOBERT: Generative AI Foundation Model for Limit Order Book Messages,arXiv preprint,Artificial Intelligence (cs.AI),"foundatino model, limit order book",https://arxiv.org/abs/2511.12563,https://arxiv.org/pdf/2511.12563v1
63,Numerical optimization,T-LLM: Teaching Large Language Models to Forecast Time Series via Temporal Distillation,arXiv preprint,Machine Learning (cs.LG); Artificial Intelligence (cs.AI),"knowledge distillation, fine-tuning of large models",https://arxiv.org/abs/2602.01937,https://arxiv.org/pdf/2602.01937
64,Numerical optimization,Multi-Modal Time Series Prediction via Mixture of Modulated Experts,arXiv preprint,Machine Learning (cs.LG); Artificial Intelligence (cs.AI),"mixture of experts, foundation model",https://arxiv.org/abs/2601.21547,https://arxiv.org/pdf/2601.21547
65,Numerical optimization,Scaling Conditional Autoencoders for Portfolio Optimization via Uncertainty-Aware Factor Selection,arXiv preprint,Portfolio Management (q-fin.PM),"conditional autoencoder, time series foundtion model",https://arxiv.org/abs/2511.17462,https://arxiv.org/pdf/2511.17462
66,Numerical optimization,Bayesian Parametric Portfolio Policies,arXiv preprint,Portfolio Management (q-fin.PM),"Bayesian optimization, portfolio optimization",https://arxiv.org/abs/2602.21173,https://arxiv.org/pdf/2602.21173v1
67,Numerical optimization,Equilibrium Portfolio Selection under Utility-Variance Analysis of Log Returns in Incomplete Markets,arXiv preprint,Portfolio Management (q-fin.PM); Optimization and Control (math.OC),"portfolio selection, utility-variance analysis",https://arxiv.org/abs/2511.05861,https://arxiv.org/pdf/2511.05861v1
68,Numerical optimization,Sharpe-Driven Stock Selection and Liquidiy-Constrained Portfolio Optimization: Evidence from the Chinese Equity Market,arXiv preprint,Operating Systems (cs.OS),"portfolio optimization, liquidity constraints",https://arxiv.org/abs/2511.13251,https://arxiv.org/pdf/2511.13251v1
69,Numerical optimization,Exploratory Mean-Variance with Jumps: An Equilibrium Approach,arXiv preprint,Portfolio Management (q-fin.PM); Machine Learning (stat.ML),"mean-variance optimization, jump processes",https://arxiv.org/abs/2512.09224,https://arxiv.org/pdf/2512.09224v1
70,Numerical optimization,Neural Nonlinear Shrinkage of Covariance Matrices for Minimum Variance Portfolio Optimization,arXiv preprint,Machine Learning (cs.LG); Signal Processing (eess.SP),"covariance shrinkage, neural networks",https://arxiv.org/abs/2601.15597,https://arxiv.org/pdf/2601.15597v1
71,Numerical optimization,Smart Predict--then--Optimize Paradigm for Portfolio Optimization in Real Markets,arXiv preprint,Portfolio Management (q-fin.PM),"predict-then-optimize, portfolio optimization",https://arxiv.org/abs/2601.04062,https://arxiv.org/pdf/2601.04062v2
72,Sequence model,Factor Dimensionality and the Bias-Variance Tradeoff in Diffusion Portfolio Models,arXiv preprint,"Computational Engineering, Finance, and Science (cs.CE)",conditional diffusion model,https://arxiv.org/abs/2603.10385,https://arxiv.org/pdf/2603.10385v1
73,Sequence model,A Hybrid Quantum-Classical Framework for Financial Volatility Forecasting Based on Quantum Circuit Born Machines,arXiv preprint,Machine Learning (cs.LG); Artificial Intelligence (cs.AI); Quantum Physics (quant-ph),"quantum computing, sequence model",https://arxiv.org/abs/2603.09789,https://arxiv.org/pdf/2603.09789v1
74,Sequence model,Stock Market Prediction Using Node Transformer Architecture Integrated with BERT Sentiment Analysis,arXiv preprint,Machine Learning (cs.LG); Artificial Intelligence (cs.AI); Statistical Finance (q-fin.ST),node transformer,https://arxiv.org/abs/2603.05917,https://arxiv.org/pdf/2603.05917v1
75,Sequence model,Adaptive Regime-Aware Stock Price Prediction Using Autoencoder-Gated Dual Node Transformers with Reinforcement Learning Control,arXiv preprint,Machine Learning (cs.LG); Artificial Intelligence (cs.AI); Statistical Finance (q-fin.ST),"autoencoder, node transformer",https://arxiv.org/abs/2603.19136,https://arxiv.org/pdf/2603.19136v1
76,Sequence model,DYCOR: Capturing Hidden Stock Relationships for Stock Trend Prediction,CIKM 2025,Proceedings article,"dynamic stock clustering, correlation-aware training",https://doi.org/10.1145/3746252.3761413,https://dl.acm.org/doi/10.1145/3746252.3761413
77,Sequence model,Neural Instrumented Factorization: Learning Dynamic Asset Pricing Factors and Loadings through Characteristics Control,CIKM 2025,Proceedings article,spatiotemporal Transformer,https://doi.org/10.1145/3746252.3761049,https://dl.acm.org/doi/10.1145/3746252.3761049
78,Sequence model,KAN vs LSTM Performance in Time Series Forecasting,arXiv preprint,Machine Learning (cs.LG); Artificial Intelligence (cs.AI),"Kolmogorov-Arnold Networks, LSTM, time series forecasting",https://arxiv.org/abs/2511.18613,https://arxiv.org/pdf/2511.18613v1
79,Sequence model,StockMem: An Event-Reflection Memory Framework for Stock Forecasting,arXiv preprint,Artificial Intelligence (cs.AI); Machine Learning (cs.LG),"memory framework, event-driven forecasting",https://arxiv.org/abs/2512.02720,https://arxiv.org/pdf/2512.02720v1
80,Sequence model,Quantum Temporal Convolutional Neural Networks for Cross-Sectional Equity Return Prediction: A Comparative Benchmark Study,arXiv preprint,Machine Learning (cs.LG); Quantum Physics (quant-ph),"quantum computing, TCN",https://arxiv.org/abs/2512.06630,http://arxiv.org/pdf/2512.06630v1
81,Sequence model,Stochastic Volatility Modelling with LSTM Networks: A Hybrid Approach for S&P 500 Index Volatility Forecasting,arXiv preprint,Trading and Market Microstructure (q-fin.TR); Artificial Intelligence (cs.AI); Machine Learning (cs.LG); Neural and Evolutionary Computing (cs.NE); Portfolio Management (q-fin.PM),"stochastic volatility, LSTM",https://arxiv.org/abs/2512.12250,https://arxiv.org/pdf/2512.12250v1
82,Sequence model,A Learnable Wavelet Transformer for Long-Short Equity Trading and Risk-Adjusted Return Optimization,arXiv preprint,Machine Learning (cs.LG); Artificial Intelligence (cs.AI); Computational Finance (q-fin.CP),"wavelet transform, sequence model",https://arxiv.org/abs/2601.13435,https://arxiv.org/pdf/2601.13435v1
83,Sequence model,Lead-LagNet: Exploiting Lead-Lag Dependencies for Cross-Series Temporal Prediction,CIKM 2025,Proceedings article,"lead-lag dependencies, temporal prediction",https://doi.org/10.1145/3746252.3761153,https://dl.acm.org/doi/10.1145/3746252.3761153
84,Pretrained model,Multi-period Learning for Financial Time Series Forecasting,arXiv preprint,Statistical Finance (q-fin.ST); Artificial Intelligence (cs.AI); Machine Learning (cs.LG),spatiotemporal Transformer,https://arxiv.org/abs/2511.08622,https://arxiv.org/pdf/2511.08622
85,Pretrained model,Empowering Time Series Analysis with Large-Scale Multimodal Pretraining,arXiv preprint,Machine Learning (cs.LG),"time series foundation model, multimodal foundation model",https://arxiv.org/abs/2602.05646,https://arxiv.org/pdf/2602.05646
86,Pretrained model,FinAnchor: Aligned Multi-Model Representations for Financial Prediction,arXiv preprint,Computation and Language (cs.CL),"representation learning, multi-model",https://arxiv.org/abs/2602.20859,https://arxiv.org/pdf/2602.20859
87,Pretrained model,On Evaluating Loss Functions for Stock Ranking: An Empirical Analysis with Transformer Model,CIKM 2025,Proceedings article,"stock ranking, loss functions",https://doi.org/10.1145/3746252.3760812,https://dl.acm.org/doi/10.1145/3746252.3760812
88,Pretrained model,RETuning: Upgrading Inference-Time Scaling for Stock Movement Prediction with Large Language Models,arXiv preprint,Computation and Language (cs.CL),"LLM tuning, inference-time scaling",https://arxiv.org/abs/2510.21604,https://arxiv.org/pdf/2510.21604
89,Others,CoRA: Covariate-Aware Adaptation of Time Series Foundation Models,arXiv preprint,Machine Learning (cs.LG),fine-tuning foundation model,https://arxiv.org/abs/2510.12681,https://arxiv.org/pdf/2510.12681
90,Others,History Is Not Enough: An Adaptive Dataflow System for Financial Time-Series Synthesis,arXiv preprint,Artificial Intelligence (cs.AI); Trading and Market Microstructure (q-fin.TR),"workflow automation, data augmentation",https://arxiv.org/abs/2601.10143,https://arxiv.org/pdf/2601.10143
91,Others,STRAPSim: A Portfolio Similarity Metric for ETF Alignment and Portfolio Trades,arXiv preprint,Statistical Finance (q-fin.ST); Machine Learning (cs.LG),"similarity learning, quantitative metric",https://arxiv.org/abs/2509.24151,https://arxiv.org/pdf/2509.24151
92,Others,FinSentLLM: Multi-LLM and Structured Semantic Signals for Enhanced Financial Sentiment Forecasting,arXiv preprint,"Computational Engineering, Finance, and Science (cs.CE)","financial sentiment analysis, LLM embedding",https://arxiv.org/abs/2509.12638,https://arxiv.org/pdf/2509.12638
93,Others,AlphaGAT: A Two-Stage Learning Approach for Adaptive Portfolio Selection,IJCAI 2025,Main Track,MTA: Finance; ML: Reinforcement learning,https://doi.org/10.24963/ijcai.2025/834,https://www.ijcai.org/proceedings/2025/0834.pdf
94,Others,COGRASP: Co-Occurrence Graph Based Stock Price Forecasting,IJCAI 2025,Main Track,MTA: Finance; DM: Applications,https://doi.org/10.24963/ijcai.2025/837,https://www.ijcai.org/proceedings/2025/0837.pdf
95,Others,Hermes: A Multi-Scale Spatial-Temporal Hypergraph Network for Stock Time Series Forecasting,arXiv preprint,Machine Learning (cs.LG),"hypergraph, time series prediction",https://arxiv.org/abs/2509.23668,https://arxiv.org/pdf/2509.23668
96,Others,HINTS: Extraction of Human Insights from Time-Series Without External Sources,arXiv preprint,Machine Learning (cs.LG); Artificial Intelligence (cs.AI),opinion dynamics model,https://arxiv.org/abs/2512.23755,https://arxiv.org/pdf/2512.23755
97,Others,Web-Mined Hypothesis Generation for Financial Markets: An Autonomous Backtesting Framework,WSDM 2026,Proceedings article,hypothesis generation,https://doi.org/10.1145/3773966.3785511,https://doi.org/10.1145/3773966.3785511
98,Others,A hybrid wavelet-based physics-informed neural network for portfolio management,arXiv preprint,Optimization and Control (math.OC),"wavelet, option pricing",https://arxiv.org/abs/2603.21834,http://arxiv.org/pdf/2603.21834v1
99,Others,FinRL-X: An AI-Native Modular Infrastructure for Quantitative Trading,arXiv preprint,Trading and Market Microstructure (q-fin.TR); Machine Learning (cs.LG); Computational Finance (q-fin.CP),trading architecture,https://arxiv.org/abs/2603.21330,http://arxiv.org/pdf/2603.21330v1
100,Others,A Novel approach to portfolio construction,arXiv preprint,Portfolio Management (q-fin.PM); Machine Learning (cs.LG); Computational Finance (q-fin.CP); Risk Management (q-fin.RM); Machine Learning (stat.ML),portfolio construction,https://arxiv.org/abs/2602.03325,https://arxiv.org/pdf/2602.03325v1
101,Others,GAPNet: Plug-in Jointly Learning Task-Specific Graph for Dynamic Stock Relation,arXiv preprint,Machine Learning (cs.LG); Artificial Intelligence (cs.AI),"graph neural network, representation learning",https://arxiv.org/abs/2602.00888,http://arxiv.org/pdf/2602.00888v1
102,Others,Adaptive Acquisition Selection for Bayesian Optimization with Large Language Models,arXiv preprint,Machine Learning (cs.LG); Artificial Intelligence (cs.AI),"Bayesian optimization, zero-shot learning",https://arxiv.org/abs/2602.07904,https://arxiv.org/pdf/2602.07904v1
103,Others,FactorEngine: A Program-level Knowledge-Infused Factor Mining Framework for Quantitative Investment,arXiv preprint,Artificial Intelligence (cs.AI),"Bayeisan optimization, LLM-guided search",https://arxiv.org/abs/2603.16365,https://arxiv.org/pdf/2603.16365v1
104,Others,Multi-Scale Temporal Neural Network for Stock Trend Prediction Enhanced by Temporal Hyperedge Learnings,IJCAI 2025,Main Track,DM: Applications; ML: Classification; ML: Deep learning architectures; ML: Relational learning,https://doi.org/10.24963/ijcai.2025/364,https://www.ijcai.org/proceedings/2025/0364.pdf
105,Others,Overreaction as an indicator for momentum in algorithmic trading: A Case of AAPL stocks,arXiv preprint,Trading and Market Microstructure (q-fin.TR); Portfolio Management (q-fin.PM),"algorithmic trading, momentum strategy",https://arxiv.org/abs/2602.18912,https://arxiv.org/pdf/2602.18912v1
106,Others,Factor Engine: A Python Library for Systematic Financial Factor Computation and Analysis,arXiv preprint,Computational Finance (q-fin.CP),"financial library, factor computation",https://arxiv.org/abs/2602.14138,http://arxiv.org/pdf/2602.14138v1
107,Others,Market Efficiency and the Heterogeneous Impact of Financial Liberalization: Evidence from the Shanghai-Hong Kong Stock Connect,arXiv preprint,General Finance (q-fin.GN),"market efficiency, financial liberalization",https://arxiv.org/abs/2602.14754,http://arxiv.org/pdf/2602.14754v2
108,Others,MEME: Modeling the Evolutionary Modes of Financial Markets,arXiv preprint,Artificial Intelligence (cs.AI),"market dynamics, evolutionary modeling",https://arxiv.org/abs/2602.11918,https://arxiv.org/pdf/2602.11918v1
109,Others,AlphaPROBE: Alpha Mining via Principled Retrieval and On-graph biased evolution,arXiv preprint,Artificial Intelligence (cs.AI),"alpha mining, graph neural networks",https://arxiv.org/abs/2602.11917,https://arxiv.org/pdf/2602.11917v1
110,Others,Cross-Sectional Asset Retrieval via Future-Aligned Soft Contrastive Learning,arXiv preprint,"Computational Engineering, Finance, and Science (cs.CE); Artificial Intelligence (cs.AI)","contrastive learning, asset retrieval",https://arxiv.org/abs/2602.10711,https://arxiv.org/pdf/2602.10711v1
111,Others,Systematic Trend-Following with Adaptive Portfolio Construction: Enhancing Risk-Adjusted Alpha in Cryptocurrency Markets,arXiv preprint,"Computational Engineering, Finance, and Science (cs.CE)","trend-following, cryptocurrency",https://arxiv.org/abs/2602.11708,https://arxiv.org/pdf/2602.11708v1
112,Others,Forecast-to-Fill: Benchmark-Neutral Alpha and Billion-Dollar Capacity in Gold Futures (2015-2025),arXiv preprint,Trading and Market Microstructure (q-fin.TR); Computational Finance (q-fin.CP); Portfolio Management (q-fin.PM); Risk Management (q-fin.RM); Statistical Finance (q-fin.ST),"futures trading, alpha generation",https://arxiv.org/abs/2511.08571,http://arxiv.org/pdf/2511.08571v1
113,Others,FCOC: A Fractal-Chaotic Co-driven Framework for Financial Volatility Forecasting,arXiv preprint,Risk Management (q-fin.RM),"volatility forecasting, chaos theory",https://arxiv.org/abs/2511.10365,https://arxiv.org/pdf/2511.10365v1
114,Others,Tfin Crypto: From Speculation to Optimization in Risk Managed Crypto Portfolio Allocation,arXiv preprint,Operating Systems (cs.OS),"crypto portfolio allocation, risk management",https://arxiv.org/abs/2511.13239,https://arxiv.org/pdf/2511.13239v1
115,Others,A Practical Machine Learning Approach for Dynamic Stock Recommendation,arXiv preprint,Trading and Market Microstructure (q-fin.TR); Computational Finance (q-fin.CP); Portfolio Management (q-fin.PM),"dynamic recommendation, machine learning",https://arxiv.org/abs/2511.12129,https://arxiv.org/pdf/2511.12129v1
116,Others,FINRS: A Risk-Sensitive Trading Framework for Real Financial Markets,arXiv preprint,Multiagent Systems (cs.MA),"risk-sensitive trading, financial markets",https://arxiv.org/abs/2511.12599,https://arxiv.org/pdf/2511.12599v1
117,Others,Portfolio Optimization via Transfer Learning,arXiv preprint,Portfolio Management (q-fin.PM); Applications (stat.AP),"transfer learning, portfolio optimization",https://arxiv.org/abs/2511.21221,https://arxiv.org/pdf/2511.21221v1
118,Others,Long-only cryptocurrency portfolio management by ranking the assets: a neural network approach,arXiv preprint,Machine Learning (cs.LG); Artificial Intelligence (cs.AI); Neural and Evolutionary Computing (cs.NE),"cryptocurrency, neural networks",https://arxiv.org/abs/2512.08124,https://arxiv.org/pdf/2512.08124v1
119,Others,Local and Global Balance in Financial Correlation Networks: an Application to Investment Decisions,arXiv preprint,Portfolio Management (q-fin.PM); Mathematical Finance (q-fin.MF),"correlation networks, graph theory",https://arxiv.org/abs/2512.10606,https://arxiv.org/pdf/2512.10606v1
120,Others,A Hybrid Model for Stock Market Forecasting: Integrating News Sentiment and Time Series Data with Graph Neural Networks,arXiv preprint,Machine Learning (cs.LG); Artificial Intelligence (cs.AI),"graph neural networks, sentiment analysis",https://arxiv.org/abs/2512.08567,http://arxiv.org/pdf/2512.08567v1
121,Others,Analysis of Contagion in China's Stock Market: A Hawkes Process Perspective,arXiv preprint,Statistical Finance (q-fin.ST); Risk Management (q-fin.RM),"Hawkes process, market contagion",https://arxiv.org/abs/2512.08000,http://arxiv.org/pdf/2512.08000v1
122,Others,Unveiling Hedge Funds: Topic Modeling and Sentiment Correlation with Fund Performance,arXiv preprint,Computational Finance (q-fin.CP),"topic modeling, sentiment analysis",https://arxiv.org/abs/2512.06620,http://arxiv.org/pdf/2512.06620v1
123,Others,Dynamic stacking ensemble learning with investor knowledge representations for stock market index prediction based on multi-source financial data,arXiv preprint,"Computational Engineering, Finance, and Science (cs.CE)","ensemble learning, knowledge representation",https://arxiv.org/abs/2512.14042,https://arxiv.org/pdf/2512.14042v1
124,Others,Adaptive Weighted Genetic Algorithm-Optimized SVR for Robust Long-Term Forecasting of Global Stock Indices for investment decisions,arXiv preprint,Computational Finance (q-fin.CP); Machine Learning (cs.LG),"genetic algorithms, SVR",https://arxiv.org/abs/2512.15113,https://arxiv.org/pdf/2512.15113v1
125,Others,Interpretable Deep Learning for Stock Returns: A Consensus-Bottleneck Asset Pricing Model,arXiv preprint,Pricing of Securities (q-fin.PR); Artificial Intelligence (cs.AI); Machine Learning (cs.LG),"interpretable deep learning, asset pricing",https://arxiv.org/abs/2512.16251,https://arxiv.org/pdf/2512.16251v1
126,Others,The Nonstationarity-Complexity Tradeoff in Return Prediction,arXiv preprint,Machine Learning (stat.ML); Machine Learning (cs.LG); General Finance (q-fin.GN),"return prediction, nonstationarity",https://arxiv.org/abs/2512.23596,https://arxiv.org/pdf/2512.23596v1
127,Others,Alpha Discovery via Grammar-Guided Learning and Search,arXiv preprint,Computational Finance (q-fin.CP); Artificial Intelligence (cs.AI); Machine Learning (cs.LG),"alpha discovery, grammar-guided search",https://arxiv.org/abs/2601.22119,https://arxiv.org/pdf/2601.22119v1
128,Others,"Generating Alpha: A Hybrid AI-Driven Trading System Integrating Technical Analysis, Machine Learning and Financial Sentiment for Regime-Adaptive Equity Strategies",arXiv preprint,Computational Finance (q-fin.CP),"hybrid AI, trading system",https://arxiv.org/abs/2601.19504,https://arxiv.org/pdf/2601.19504v1
129,Others,Forecasting Equity Correlations with Hybrid Transformer Graph Neural Network,arXiv preprint,Computational Finance (q-fin.CP); Trading and Market Microstructure (q-fin.TR),"graph neural network, transformer",https://arxiv.org/abs/2601.04602,http://arxiv.org/pdf/2601.04602v1
130,Others,A comprehensive review and analysis of different modeling approaches for financial index tracking problem,arXiv preprint,Portfolio Management (q-fin.PM); Machine Learning (stat.ML),"index tracking, review",https://arxiv.org/abs/2601.03927,https://arxiv.org/pdf/2601.03927v1
131,Others,Mitigating Distribution Shift in Stock Price Data via Return-Volatility Normalization for Accurate Prediction,CIKM 2025,Proceedings article,"distribution shift, normalization",https://doi.org/10.1145/3746252.3761067,https://dl.acm.org/doi/10.1145/3746252.3761067
132,Others,Reasoning on Time-Series for Financial Technical Analysis,arXiv preprint,Statistical Finance (q-fin.ST); Artificial Intelligence (cs.AI); Machine Learning (cs.LG); Computational Finance (q-fin.CP),"time-series reasoning, technical analysis",https://arxiv.org/abs/2511.08616,https://arxiv.org/pdf/2511.08616
133,Others,DeltaLag: Learning Dynamic Lead-Lag Patterns in Financial Markets,arXiv preprint,"Computational Engineering, Finance, and Science (cs.CE)","lead-lag patterns, dynamic learning",https://arxiv.org/abs/2511.00390,https://arxiv.org/pdf/2511.00390
134,Others,Fusing Narrative Semantics for Financial Volatility Forecasting,arXiv preprint,Computational Finance (q-fin.CP); Artificial Intelligence (cs.AI),"volatility forecasting, narrative semantics",https://arxiv.org/abs/2510.20699,https://arxiv.org/pdf/2510.20699
135,Others,Stock Prediction via a Dual Relation Fusion Network incorporating Static and Dynamic Relations,arXiv preprint,Machine Learning (cs.LG),"relation fusion, graph network",https://arxiv.org/abs/2510.10695,https://arxiv.org/pdf/2510.10695
