status,video_id,title,url,output_file,caption_language,caption_source,reason
saved,wUtPEJGj9B4,"The ""Invisible Tax"" Destroying Your Trading P&L (Latency, Slippage & HFT Explained)",https://www.youtube.com/watch?v=wUtPEJGj9B4,Source_data/transcript/quantinsti_transcripts/0001_wUtPEJGj9B4_The Invisible Tax Destroying Your Trading PL Latency Slippage HFT Explained.md,,,
saved,MQ6hHuaOU00,"0-DTE Options Trap: Gamma Risk, Gap Risk & Black Swan Survival",https://www.youtube.com/watch?v=MQ6hHuaOU00,Source_data/transcript/quantinsti_transcripts/0002_MQ6hHuaOU00_0-DTE Options Trap Gamma Risk Gap Risk Black Swan Survival.md,,,
saved,grNBpQa4ic8,Retail vs Wall Street: How Retail Traders Can Find a Real Trading Edge,https://www.youtube.com/watch?v=grNBpQa4ic8,Source_data/transcript/quantinsti_transcripts/0003_grNBpQa4ic8_Retail vs Wall Street How Retail Traders Can Find a Real Trading Edge.md,,,
saved,PQobaztIiCo,600 AI Strategies to 10 Real Trades | AI Trading Masterclass,https://www.youtube.com/watch?v=PQobaztIiCo,Source_data/transcript/quantinsti_transcripts/0004_PQobaztIiCo_600 AI Strategies to 10 Real Trades AI Trading Masterclass.md,,,
saved,HAN7v7wMZcI,Intraday Short Straddle Strategy Backtest in Python | Bank Nifty Options Strategy,https://www.youtube.com/watch?v=HAN7v7wMZcI,Source_data/transcript/quantinsti_transcripts/0005_HAN7v7wMZcI_Intraday Short Straddle Strategy Backtest in Python Bank Nifty Options Strategy.md,,,
saved,-TObBHDcINw,Agentic AI in Trading: Build a Multi-Agent Quant Research System (Stop Coding Alone),https://www.youtube.com/watch?v=-TObBHDcINw,Source_data/transcript/quantinsti_transcripts/0006_-TObBHDcINw_Agentic AI in Trading Build a Multi-Agent Quant Research System Stop Coding Alone.md,,,
saved,FuULrgRBEj4,Market Regime Detection Using ML: Dynamic Capital Allocation Strategy Explained,https://www.youtube.com/watch?v=FuULrgRBEj4,Source_data/transcript/quantinsti_transcripts/Market Regime Detection Using ML- Dynamic Capital Allocation Strategy Explained.md,,,
saved,gSwWUcA1wy8,How Automated Trading Works: The Complete Architecture & Steps of Live Trading,https://www.youtube.com/watch?v=gSwWUcA1wy8,Source_data/transcript/quantinsti_transcripts/0008_gSwWUcA1wy8_How Automated Trading Works The Complete Architecture Steps of Live Trading.md,,,
saved,ISVFhvECvzc,Intraday Implied Volatility: What Python + Options Data Reveal,https://www.youtube.com/watch?v=ISVFhvECvzc,Source_data/transcript/quantinsti_transcripts/0009_ISVFhvECvzc_Intraday Implied Volatility What Python Options Data Reveal.md,,,
saved,ok-pwdid71Y,Mid-Career Switch to Algorithmic Trading | Kanishka Tiwary | QuantInsti EPAT Review,https://www.youtube.com/watch?v=ok-pwdid71Y,Source_data/transcript/quantinsti_transcripts/0010_ok-pwdid71Y_Mid-Career Switch to Algorithmic Trading Kanishka Tiwary QuantInsti EPAT Review.md,,,
saved,LzkkZgswjMY,From ER Doctor to Algo Trader: Dr. Roger Sen’s Journey | QuantInsti EPAT Review,https://www.youtube.com/watch?v=LzkkZgswjMY,Source_data/transcript/quantinsti_transcripts/0011_LzkkZgswjMY_From ER Doctor to Algo Trader Dr. Roger Sens Journey QuantInsti EPAT Review.md,,,
saved,L6NMEtgNmLk,Do Large Language Models Amplify or Reduce Market Tail Risk,https://www.youtube.com/watch?v=L6NMEtgNmLk,Source_data/transcript/quantinsti_transcripts/0012_L6NMEtgNmLk_Do Large Language Models Amplify or Reduce Market Tail Risk.md,,,
saved,AmdEYhbxwuA,Wisdom of Crowds vs Individual Models: How Information Aggregation Works,https://www.youtube.com/watch?v=AmdEYhbxwuA,Source_data/transcript/quantinsti_transcripts/0013_AmdEYhbxwuA_Wisdom of Crowds vs Individual Models How Information Aggregation Works.md,,,
saved,9FNAjJvpVZs,How Much Can You Trust a Model You Don’t Understand?,https://www.youtube.com/watch?v=9FNAjJvpVZs,Source_data/transcript/quantinsti_transcripts/0014_9FNAjJvpVZs_How Much Can You Trust a Model You Dont Understand.md,,,
saved,Ob3pQWwdjYc,Beyond Competition: Achieving Balance and Scalability with a Small Quant Team,https://www.youtube.com/watch?v=Ob3pQWwdjYc,Source_data/transcript/quantinsti_transcripts/0015_Ob3pQWwdjYc_Beyond Competition Achieving Balance and Scalability with a Small Quant Team.md,,,
saved,c2j-zs8YN3c,"10 Categories of Mean Reversion Explained: Pairs Trading, VIX, & ML",https://www.youtube.com/watch?v=c2j-zs8YN3c,Source_data/transcript/quantinsti_transcripts/0016_c2j-zs8YN3c_10 Categories of Mean Reversion Explained Pairs Trading VIX ML.md,,,
saved,Bti-usPrZt4,Advanced Order Types & Comprehensive Risk Management: Algo Trading with Zerodha (Part 5/5),https://www.youtube.com/watch?v=Bti-usPrZt4,Source_data/transcript/quantinsti_transcripts/0017_Bti-usPrZt4_Advanced Order Types Comprehensive Risk Management Algo Trading with Zerodha Part 55.md,,,
saved,ZCMOaIr3lkY,Create Automated Trading Bot: Algorithmic Trading with Zerodha (Part 4/5),https://www.youtube.com/watch?v=ZCMOaIr3lkY,Source_data/transcript/quantinsti_transcripts/0018_ZCMOaIr3lkY_Create Automated Trading Bot Algorithmic Trading with Zerodha Part 45.md,,,
saved,k2Z_brTn0_w,"Kite Connect Core Trading Operations: Polling vs. WebSocket Ticker, Orders, Positions & Rate Limits",https://www.youtube.com/watch?v=k2Z_brTn0_w,Source_data/transcript/quantinsti_transcripts/0019_k2Z_brTn0_w_Kite Connect Core Trading Operations Polling vs. WebSocket Ticker Orders Positions Rate Li.md,,,
saved,obXpjB-e82I,"Future of Data, Trading & The Quant Industry with Decentralized AI",https://www.youtube.com/watch?v=obXpjB-e82I,Source_data/transcript/quantinsti_transcripts/0020_obXpjB-e82I_Future of Data Trading The Quant Industry with Decentralized AI.md,,,
saved,1PU433ZLoks,Algorithmic Trading with Zerodha Kite Connect: Setting Up Your API Ecosystem (Part 2/5),https://www.youtube.com/watch?v=1PU433ZLoks,Source_data/transcript/quantinsti_transcripts/0021_1PU433ZLoks_Algorithmic Trading with Zerodha Kite Connect Setting Up Your API Ecosystem Part 25.md,,,
saved,RCm2C8J9R8s,Where AI Provides the BIGGEST Leverage for Starting a Trading Desk,https://www.youtube.com/watch?v=RCm2C8J9R8s,Source_data/transcript/quantinsti_transcripts/0022_RCm2C8J9R8s_Where AI Provides the BIGGEST Leverage for Starting a Trading Desk.md,,,
saved,8A_JiLqA5DM,Donchian Channel Strategy: Ultimate Python Backtest & 3 Killer Variations,https://www.youtube.com/watch?v=8A_JiLqA5DM,Source_data/transcript/quantinsti_transcripts/0023_8A_JiLqA5DM_Donchian Channel Strategy Ultimate Python Backtest 3 Killer Variations.md,,,
saved,TK2OUe-CoWU,Algorithmic Trading in India with Zerodha Kite Connect: Complete Series Introduction (Part 1/5),https://www.youtube.com/watch?v=TK2OUe-CoWU,Source_data/transcript/quantinsti_transcripts/0024_TK2OUe-CoWU_Algorithmic Trading in India with Zerodha Kite Connect Complete Series Introduction Part 1.md,,,
saved,F5J9aXmsP3Y,How AI Is Reshaping Quant Roles: The Skills You Need to Stay Relevant,https://www.youtube.com/watch?v=F5J9aXmsP3Y,Source_data/transcript/quantinsti_transcripts/0025_F5J9aXmsP3Y_How AI Is Reshaping Quant Roles The Skills You Need to Stay Relevant.md,,,
saved,NydDDmTQ_TY,How AI Is Redefining Quant Workflows and Entrepreneurship,https://www.youtube.com/watch?v=NydDDmTQ_TY,Source_data/transcript/quantinsti_transcripts/0026_NydDDmTQ_TY_How AI Is Redefining Quant Workflows and Entrepreneurship.md,,,
saved,iuBOmKIsfRk,AI Model Explainability in Quant Finance: Experts Debate,https://www.youtube.com/watch?v=iuBOmKIsfRk,Source_data/transcript/quantinsti_transcripts/0027_iuBOmKIsfRk_AI Model Explainability in Quant Finance Experts Debate.md,,,
saved,Bsnsc0c86K4,What's the Minimum Viable AI Setup for Individual Traders?,https://www.youtube.com/watch?v=Bsnsc0c86K4,Source_data/transcript/quantinsti_transcripts/0028_Bsnsc0c86K4_Whats the Minimum Viable AI Setup for Individual Traders.md,,,
saved,3ECPd8NWNXU,How AI Effectively Assists Independent Traders with Limited Resources,https://www.youtube.com/watch?v=3ECPd8NWNXU,Source_data/transcript/quantinsti_transcripts/0029_3ECPd8NWNXU_How AI Effectively Assists Independent Traders with Limited Resources.md,,,
saved,kH5W7NOGhsI,GenAI for Alpha Discovery: LLMs Leveling the Quant Trading Field for Small Desks,https://www.youtube.com/watch?v=kH5W7NOGhsI,Source_data/transcript/quantinsti_transcripts/0030_kH5W7NOGhsI_GenAI for Alpha Discovery LLMs Leveling the Quant Trading Field for Small Desks.md,,,
saved,KTXJdkhedaM,"How to Build a Stock Screener in Python | TA-Lib, yFinance & Technical Indicators",https://www.youtube.com/watch?v=KTXJdkhedaM,Source_data/transcript/quantinsti_transcripts/0031_KTXJdkhedaM_How to Build a Stock Screener in Python TA-Lib yFinance Technical Indicators.md,,,
saved,FHQaT7M-hps,"Understanding Portfolio Optimization: Risk, Return & Constraints",https://www.youtube.com/watch?v=FHQaT7M-hps,Source_data/transcript/quantinsti_transcripts/0032_FHQaT7M-hps_Understanding Portfolio Optimization Risk Return Constraints.md,,,
saved,y-d5FtnAFnY,Monte Carlo Simulation for Trading | Why Backtest Isn’t Enough?,https://www.youtube.com/watch?v=y-d5FtnAFnY,Source_data/transcript/quantinsti_transcripts/0033_y-d5FtnAFnY_Monte Carlo Simulation for Trading Why Backtest Isnt Enough.md,,,
saved,Fsvds-d2P-o,"EPAT by QuantInsti: Learn Python, Backtesting, APIs & Machine Learning for Real Quant Trading",https://www.youtube.com/watch?v=Fsvds-d2P-o,Source_data/transcript/quantinsti_transcripts/0034_Fsvds-d2P-o_EPAT by QuantInsti Learn Python Backtesting APIs Machine Learning for Real Quant Trading.md,,,
saved,IlzYR9ZwFXc,The Portfolio Rebalancing Nobody Taught You | Python Strategy Tutorial by Mohak Pachisia,https://www.youtube.com/watch?v=IlzYR9ZwFXc,Source_data/transcript/quantinsti_transcripts/0035_IlzYR9ZwFXc_The Portfolio Rebalancing Nobody Taught You Python Strategy Tutorial by Mohak Pachisia.md,,,
saved,_KajD3SbRRw,From Research Paper to Python Code | Quant Trading Strategy Analysis with ChatGPT,https://www.youtube.com/watch?v=_KajD3SbRRw,Source_data/transcript/quantinsti_transcripts/0036__KajD3SbRRw_From Research Paper to Python Code Quant Trading Strategy Analysis with ChatGPT.md,,,
saved,ofdGQmxhl1I,Future Scenario Testing Using GenAI: Overcome Backtesting Problems,https://www.youtube.com/watch?v=ofdGQmxhl1I,Source_data/transcript/quantinsti_transcripts/0037_ofdGQmxhl1I_Future Scenario Testing Using GenAI Overcome Backtesting Problems.md,,,
saved,8eqtve2iOeU,Backtesting a Trading Strategy Using Bollinger Bands | Full Python Tutorial by Mohak Pachisia,https://www.youtube.com/watch?v=8eqtve2iOeU,Source_data/transcript/quantinsti_transcripts/0038_8eqtve2iOeU_Backtesting a Trading Strategy Using Bollinger Bands Full Python Tutorial by Mohak Pachisi.md,,,
saved,5vGA1m3ixio,"Want to Become a Quant Trader? | Skills, Tools & Insights from Experts",https://www.youtube.com/watch?v=5vGA1m3ixio,Source_data/transcript/quantinsti_transcripts/0039_5vGA1m3ixio_Want to Become a Quant Trader Skills Tools Insights from Experts.md,,,
saved,rR3VUBDpbsA,"Expert’s Guide to Systematic Trading, HFT, and Low-Frequency Models",https://www.youtube.com/watch?v=rR3VUBDpbsA,Source_data/transcript/quantinsti_transcripts/0040_rR3VUBDpbsA_Experts Guide to Systematic Trading HFT and Low-Frequency Models.md,,,
saved,SPyAu0crMt0,How to Backtest a Machine Learning Trading Strategy using Python,https://www.youtube.com/watch?v=SPyAu0crMt0,Source_data/transcript/quantinsti_transcripts/0041_SPyAu0crMt0_How to Backtest a Machine Learning Trading Strategy using Python.md,,,
saved,pjwtbsS-i-M,How to Backtest a Trading Strategy Using Python | Expert's Insights,https://www.youtube.com/watch?v=pjwtbsS-i-M,Source_data/transcript/quantinsti_transcripts/0042_pjwtbsS-i-M_How to Backtest a Trading Strategy Using Python Experts Insights.md,,,
saved,1SWlB6qFZmQ,Who can become a quant? | Expert's insights into becoming a quant | Quant jobs,https://www.youtube.com/watch?v=1SWlB6qFZmQ,Source_data/transcript/quantinsti_transcripts/0043_1SWlB6qFZmQ_Who can become a quant Experts insights into becoming a quant Quant jobs.md,,,
saved,peBeb6On0d0,Starting quant desk | Setting up algo desk from scratch | EPAT alumnus’ successful journey,https://www.youtube.com/watch?v=peBeb6On0d0,Source_data/transcript/quantinsti_transcripts/0044_peBeb6On0d0_Starting quant desk Setting up algo desk from scratch EPAT alumnus successful journey.md,,,
saved,IUkF9JUrS1Y,Learn Big Data and Natural Language Processing (NLP) | Transforming trading,https://www.youtube.com/watch?v=IUkF9JUrS1Y,Source_data/transcript/quantinsti_transcripts/0045_IUkF9JUrS1Y_Learn Big Data and Natural Language Processing NLP Transforming trading.md,,,
saved,ikT-QAGHl2o,"The key edges to know in algo trading: Data, Technology & Expertise | Stay ahead | Expert's insights",https://www.youtube.com/watch?v=ikT-QAGHl2o,Source_data/transcript/quantinsti_transcripts/0046_ikT-QAGHl2o_The key edges to know in algo trading Data Technology Expertise Stay ahead Experts insight.md,,,
saved,VSsMqDTkmsw,Learn to use IbridgePy | Expert's insights,https://www.youtube.com/watch?v=VSsMqDTkmsw,Source_data/transcript/quantinsti_transcripts/0047_VSsMqDTkmsw_Learn to use IbridgePy Experts insights.md,,,
saved,jYdDVm44dlg,Learn to use Interactive Brokers with Python | Beginner's Guide,https://www.youtube.com/watch?v=jYdDVm44dlg,Source_data/transcript/quantinsti_transcripts/0048_jYdDVm44dlg_Learn to use Interactive Brokers with Python Beginners Guide.md,,,
saved,mfI06ajAVa8,How to Build a Quant Portfolio for HFT | Best Projects to Get Hired,https://www.youtube.com/watch?v=mfI06ajAVa8,Source_data/transcript/quantinsti_transcripts/0049_mfI06ajAVa8_How to Build a Quant Portfolio for HFT Best Projects to Get Hired.md,,,
saved,DSdbm4CBdqA,Python vs C++ for HFT | Best Programming Language for Algo Trading,https://www.youtube.com/watch?v=DSdbm4CBdqA,Source_data/transcript/quantinsti_transcripts/0050_DSdbm4CBdqA_Python vs C for HFT Best Programming Language for Algo Trading.md,,,
saved,N6mAgkC9LO8,Quant Roles Explained | Live Q&A with HFT Expert Rajib Ranjan Borah,https://www.youtube.com/watch?v=N6mAgkC9LO8,Source_data/transcript/quantinsti_transcripts/0051_N6mAgkC9LO8_Quant Roles Explained Live QA with HFT Expert Rajib Ranjan Borah.md,,,
saved,OCXpQqyqleE,Optimising a trading strategy | Beginner's guide,https://www.youtube.com/watch?v=OCXpQqyqleE,Source_data/transcript/quantinsti_transcripts/0052_OCXpQqyqleE_Optimising a trading strategy Beginners guide.md,,,
saved,b6_-ONgGVjA,AI & ML in HFT | How New-Age Tech is Changing Quant Jobs,https://www.youtube.com/watch?v=b6_-ONgGVjA,Source_data/transcript/quantinsti_transcripts/0053_b6_-ONgGVjA_AI ML in HFT How New-Age Tech is Changing Quant Jobs.md,,,
saved,Ije3PiKfEEU,Must-Have Traits to Excel in HFT Companies: From Quant Researcher to Quant Trader,https://www.youtube.com/watch?v=Ije3PiKfEEU,Source_data/transcript/quantinsti_transcripts/0054_Ije3PiKfEEU_Must-Have Traits to Excel in HFT Companies From Quant Researcher to Quant Trader.md,,,
saved,sb6ezpzEUbg,Everything about the Basics of trading strategy | Explained with a simple trading strategy,https://www.youtube.com/watch?v=sb6ezpzEUbg,Source_data/transcript/quantinsti_transcripts/0055_sb6ezpzEUbg_Everything about the Basics of trading strategy Explained with a simple trading strategy.md,,,
saved,n2RSFJfszJI,Becoming a Quantitative Analyst: Top Courses to Land Algo Trading Jobs,https://www.youtube.com/watch?v=n2RSFJfszJI,Source_data/transcript/quantinsti_transcripts/0056_n2RSFJfszJI_Becoming a Quantitative Analyst Top Courses to Land Algo Trading Jobs.md,,,
saved,uRyGSvbClSU,How to Get a Job in HFT Without a Tech Background | Transitioning to Quant Trading,https://www.youtube.com/watch?v=uRyGSvbClSU,Source_data/transcript/quantinsti_transcripts/0057_uRyGSvbClSU_How to Get a Job in HFT Without a Tech Background Transitioning to Quant Trading.md,,,
saved,cYbYFyOXAXY,"How HFT Teams Work | Roles of Risk Analysts, Quant Researchers & Developers",https://www.youtube.com/watch?v=cYbYFyOXAXY,Source_data/transcript/quantinsti_transcripts/0058_cYbYFyOXAXY_How HFT Teams Work Roles of Risk Analysts Quant Researchers Developers.md,,,
saved,IFMKZ961lu8,From Low to High-Frequency Trading | Understanding HFT & Quant Finance,https://www.youtube.com/watch?v=IFMKZ961lu8,Source_data/transcript/quantinsti_transcripts/0059_IFMKZ961lu8_From Low to High-Frequency Trading Understanding HFT Quant Finance.md,,,
saved,XQDP61YJJEU,Python Trading with MT5 and Interactive Brokers | Automate Your Trading Strategies,https://www.youtube.com/watch?v=XQDP61YJJEU,Source_data/transcript/quantinsti_transcripts/0060_XQDP61YJJEU_Python Trading with MT5 and Interactive Brokers Automate Your Trading Strategies.md,,,
saved,CAMz8EIGj4Q,Advice to People who are starting their Quant Journey  | With Richard Harrison,https://www.youtube.com/watch?v=CAMz8EIGj4Q,Source_data/transcript/quantinsti_transcripts/0061_CAMz8EIGj4Q_Advice to People who are starting their Quant Journey With Richard Harrison.md,,,
missing,W_zlXut8Hnk,Backtest With Interactive Brokers,https://www.youtube.com/watch?v=W_zlXut8Hnk,,,,not_fetched_or_no_public_english_caption
missing,FDCEQkoXgPc,📊 The Process of Backtesting | How to Validate Your Trading Strategy Effectively,https://www.youtube.com/watch?v=FDCEQkoXgPc,,,,not_fetched_or_no_public_english_caption
saved,ccE5qk4dXLQ,📊 Strategy Backtesting Environment with Interactive Brokers | Algo Trading Framework,https://www.youtube.com/watch?v=ccE5qk4dXLQ,Source_data/transcript/quantinsti_transcripts/0064_ccE5qk4dXLQ_Strategy Backtesting Environment with Interactive Brokers Algo Trading Framework.md,,,
saved,L2rtQFcesaQ,Dive into Quantitative Trading Analysis with Python,https://www.youtube.com/watch?v=L2rtQFcesaQ,Source_data/transcript/quantinsti_transcripts/0065_L2rtQFcesaQ_Dive into Quantitative Trading Analysis with Python.md,,,
missing,BISuxWXhgNM,📊 Excel-Based Backtesting for Trading Strategies | Strengths & Limitations,https://www.youtube.com/watch?v=BISuxWXhgNM,,,,not_fetched_or_no_public_english_caption
saved,ng1ofbkTgI8,Python-Based Backtesting for Algorithmic Trading | Strategy Testing & Optimization,https://www.youtube.com/watch?v=ng1ofbkTgI8,Source_data/transcript/quantinsti_transcripts/0067_ng1ofbkTgI8_Python-Based Backtesting for Algorithmic Trading Strategy Testing Optimization.md,,,
saved,uk6L0gfHKYg,Strategic Python Trading with Michael Harris | Techniques for Market Regime Changes,https://www.youtube.com/watch?v=uk6L0gfHKYg,Source_data/transcript/quantinsti_transcripts/Strategic Python Trading with Michael Harris - Techniques for Market Regime Changes.md,,,
saved,AWBL7zaycBU,Learn Trading Strategy Paradigm | Trading Strategy Formulation | Backtesting & Optimisation Guide,https://www.youtube.com/watch?v=AWBL7zaycBU,Source_data/transcript/quantinsti_transcripts/Learn Trading Strategy Paradigm - Trading Strategy Formulation - Backtesting & Optimisation Guide.md,,,
saved,xrbeVFNUKV0,Algorithmic Trading Strategies in Equities | Quant Trading Webinar | QuantInsti,https://www.youtube.com/watch?v=xrbeVFNUKV0,Source_data/transcript/quantinsti_transcripts/0070_xrbeVFNUKV0_Algorithmic Trading Strategies in Equities Quant Trading Webinar QuantInsti.md,,,
missing,r8uX0QmO1_k,Get started with Blueshift,https://www.youtube.com/watch?v=r8uX0QmO1_k,,,,not_fetched_or_no_public_english_caption
missing,Bp2XIna559E,Trading Psychology - Confidence vs. Knowledge | Dr. Euan Sinclair's Insights,https://www.youtube.com/watch?v=Bp2XIna559E,,,,not_fetched_or_no_public_english_caption
missing,b1BLOJEFG7k,"QnA With Nitesh Khandelwal, CEO, QuantInsti - Inside the EPAT Curriculum |",https://www.youtube.com/watch?v=b1BLOJEFG7k,,,,not_fetched_or_no_public_english_caption
missing,dt0LctyMniQ,Reinforcement Learning in Finance: Unlocking AI-Driven Trading Strategies with Dr. Paul Bilokon,https://www.youtube.com/watch?v=dt0LctyMniQ,,,,not_fetched_or_no_public_english_caption
missing,Gpkwc39uIrA,Curious About Algorithmic Trading? Explore how EPAT's Course can enhance your Trading Journey!,https://www.youtube.com/watch?v=Gpkwc39uIrA,,,,not_fetched_or_no_public_english_caption
missing,Zzo_PMO6qJs,How EPAT helps you to set up your own Trading Desk?,https://www.youtube.com/watch?v=Zzo_PMO6qJs,,,,not_fetched_or_no_public_english_caption
missing,R-xoNTWIV-8,Top skills to prepare for a quant interview,https://www.youtube.com/watch?v=R-xoNTWIV-8,,,,not_fetched_or_no_public_english_caption
missing,Lfll8x95D0I,Why does everyone want to learn algorithmic trading | 5 Key Reasons to Know!,https://www.youtube.com/watch?v=Lfll8x95D0I,,,,not_fetched_or_no_public_english_caption
missing,9fGGJR_UtPA,"Gabriel Ezekiel's Story, EPAT Alumnus from Hong Kong | EPAT Review",https://www.youtube.com/watch?v=9fGGJR_UtPA,,,,not_fetched_or_no_public_english_caption
missing,rmUnDEyBLyU,Why does Algo Trading seem difficult? | Explore reasons why it seems so challenging!,https://www.youtube.com/watch?v=rmUnDEyBLyU,,,,not_fetched_or_no_public_english_caption
missing,XXDCGuo_S-M,Navigating Markets: Algorithmic Trading vs. High-Frequency Trading Explained,https://www.youtube.com/watch?v=XXDCGuo_S-M,,,,not_fetched_or_no_public_english_caption
missing,3eIzkBgchI0,"FREE WEBINAR on AI for Portfolio Management by Dr. Thomas Starke | Tuesday, January 16th, 2024!",https://www.youtube.com/watch?v=3eIzkBgchI0,,,,not_fetched_or_no_public_english_caption
missing,gCLbeX7cKQg,8 things to know before starting Algorithmic Trading,https://www.youtube.com/watch?v=gCLbeX7cKQg,,,,not_fetched_or_no_public_english_caption
missing,GP1Ns8_-Ipk,10 benefits  of Algorithmic Trading | Advantages of Algo Trading,https://www.youtube.com/watch?v=GP1Ns8_-Ipk,,,,not_fetched_or_no_public_english_caption
missing,68NtB2U7srs,How Genetic Algorithms Work in Trading | Algo Trading Strategies,https://www.youtube.com/watch?v=68NtB2U7srs,,,,not_fetched_or_no_public_english_caption
missing,3wM1ceRNH7g,Understanding Adaptive Strategies in Trading | Algo Trading Strategies,https://www.youtube.com/watch?v=3wM1ceRNH7g,,,,not_fetched_or_no_public_english_caption
missing,dtmG9tJKxvY,5 Benefits of Deep Reinforcement Learning in Trading | Algo Trading Strategies,https://www.youtube.com/watch?v=dtmG9tJKxvY,,,,not_fetched_or_no_public_english_caption
missing,simWELzc7To,Types of Sentiment Analysis in Trading | Algo Trading Strategies,https://www.youtube.com/watch?v=simWELzc7To,,,,not_fetched_or_no_public_english_caption
missing,yeiqPOtOJQo,Benefits of Pattern Recognition in Trading | Algo Trading Strategies,https://www.youtube.com/watch?v=yeiqPOtOJQo,,,,not_fetched_or_no_public_english_caption
missing,7nwUsrXIhgE,QuantInsti EPAT Review | John Moss | South Africa,https://www.youtube.com/watch?v=7nwUsrXIhgE,,,,not_fetched_or_no_public_english_caption
missing,CEaE6otubC4,CSAF Review | Hugo Valdivia Carrillo | Mexico,https://www.youtube.com/watch?v=CEaE6otubC4,,,,not_fetched_or_no_public_english_caption
missing,YgbQarydR8c,Why Use Machine Learning Algorithms for Trading? | Algo Trading Strategies,https://www.youtube.com/watch?v=YgbQarydR8c,,,,not_fetched_or_no_public_english_caption
missing,oQMNvrG6oOw,QuantInsti EPAT Review | Kalpesh Ramoliya’s Success Story | India,https://www.youtube.com/watch?v=oQMNvrG6oOw,,,,not_fetched_or_no_public_english_caption
missing,WX8nJdCJTnI,QuantInsti EPAT Review | BNS Kumar’s Success Story | India,https://www.youtube.com/watch?v=WX8nJdCJTnI,,,,not_fetched_or_no_public_english_caption
missing,jk3gnSDbLE8,QuantInsti EPAT Review | Ritwik Thakurta’s Success Story | Nepal,https://www.youtube.com/watch?v=jk3gnSDbLE8,,,,not_fetched_or_no_public_english_caption
missing,X6DHMx_eSWs,What is Volatility Trading Strategy | Algo Trading Strategies,https://www.youtube.com/watch?v=X6DHMx_eSWs,,,,not_fetched_or_no_public_english_caption
missing,nqH8wTlSPTw,QuantInsti EPAT Review | Vilvamoorthy T’s Success Story | India,https://www.youtube.com/watch?v=nqH8wTlSPTw,,,,not_fetched_or_no_public_english_caption
missing,395YbI3c_tg,Top 5 Seasonality Trading Strategies | Algo Trading Strategy,https://www.youtube.com/watch?v=395YbI3c_tg,,,,not_fetched_or_no_public_english_caption
missing,otHljNjXf3M,QuantInsti EPAT Review | Kristof Leourox’s Success Story | Belgium,https://www.youtube.com/watch?v=otHljNjXf3M,,,,not_fetched_or_no_public_english_caption
missing,ZGPwRRn55BI,What is VWAP Trading Strategy? | Algo Trading Strategies,https://www.youtube.com/watch?v=ZGPwRRn55BI,,,,not_fetched_or_no_public_english_caption
missing,J4ZCrGfaDTk,QuantInsti EPAT Review | Ishaan Ballal’s Success Story | USA,https://www.youtube.com/watch?v=J4ZCrGfaDTk,,,,not_fetched_or_no_public_english_caption
missing,D0nxk7JsxfU,What is TWAP Trading Strategy? | How it Works? | Algo Trading Strategies,https://www.youtube.com/watch?v=D0nxk7JsxfU,,,,not_fetched_or_no_public_english_caption
missing,-0oeuoBZKeQ,QuantInsti EPAT Review | Diego Palacio’s Success Story | Australia,https://www.youtube.com/watch?v=-0oeuoBZKeQ,,,,not_fetched_or_no_public_english_caption
missing,we9sg1Aji-I,Harness Market Momentum: Strategies Every Trader Should Know,https://www.youtube.com/watch?v=we9sg1Aji-I,,,,not_fetched_or_no_public_english_caption
missing,nVpS-3WWRho,EPAT Overview | Algo Trading Course,https://www.youtube.com/watch?v=nVpS-3WWRho,,,,not_fetched_or_no_public_english_caption
missing,WnkdLkIrU_M,QuantInsti EPAT Review | Nikhil C Prakash’s Success Story | India,https://www.youtube.com/watch?v=WnkdLkIrU_M,,,,not_fetched_or_no_public_english_caption
missing,viOW4fz6MgU,QuantInsti EPAT Review | Swarnendu B’s Success Story | India,https://www.youtube.com/watch?v=viOW4fz6MgU,,,,not_fetched_or_no_public_english_caption
missing,mShrubf3S9A,QuantInsti EPAT Review | Thomas Orgler’s Success Story | USA,https://www.youtube.com/watch?v=mShrubf3S9A,,,,not_fetched_or_no_public_english_caption
missing,SCadpVH_QOA,QuantInsti EPAT Review | Alexandre Ribeiro’s Success Story | Brazil,https://www.youtube.com/watch?v=SCadpVH_QOA,,,,not_fetched_or_no_public_english_caption
missing,FK_hdFUNXpU,Market Making Trading Strategy | Trading Basics,https://www.youtube.com/watch?v=FK_hdFUNXpU,,,,not_fetched_or_no_public_english_caption
missing,YOhFHNnCtmQ,QuantInsti EPAT Review | Gilles Laurentin’s Success Story | France,https://www.youtube.com/watch?v=YOhFHNnCtmQ,,,,not_fetched_or_no_public_english_caption
missing,pie6DvfE6-Y,QuantInsti EPAT Review | Srinivas Reddy’s Success Story | India,https://www.youtube.com/watch?v=pie6DvfE6-Y,,,,not_fetched_or_no_public_english_caption
missing,b5H3l3KIiuo,What is Smart Order Routing Trading Strategy? | Algo Trading Strategies,https://www.youtube.com/watch?v=b5H3l3KIiuo,,,,not_fetched_or_no_public_english_caption
missing,2997t3d0iwc,QuantInsti EPAT Review | Jesmer Wong’s Success Story | China,https://www.youtube.com/watch?v=2997t3d0iwc,,,,not_fetched_or_no_public_english_caption
missing,l8jYkP3yAXc,QuantInsti EPAT Review | Kurt Selander’s Success Story | USA,https://www.youtube.com/watch?v=l8jYkP3yAXc,,,,not_fetched_or_no_public_english_caption
missing,aDsdMfnXkWQ,What is Scalping Trading Strategy? | Algorithmic Trading Strategies,https://www.youtube.com/watch?v=aDsdMfnXkWQ,,,,not_fetched_or_no_public_english_caption
missing,_Cstfal9j9E,QuantInsti EPAT Review | Christelle Armenio’s Success Story | France,https://www.youtube.com/watch?v=_Cstfal9j9E,,,,not_fetched_or_no_public_english_caption
missing,5Wtlxi1FRgU,QuantInsti EPAT Review | Pratik Dokania’s Success Story | India,https://www.youtube.com/watch?v=5Wtlxi1FRgU,,,,not_fetched_or_no_public_english_caption
missing,2rMDifwpUyM,QuantInsti EPAT Review | Iris Jiang’s Success Story | Singapore,https://www.youtube.com/watch?v=2rMDifwpUyM,,,,not_fetched_or_no_public_english_caption
missing,2ZIUz1zmJfo,QuantInsti EPAT Review | Anurag Sharma’s Success Story | India,https://www.youtube.com/watch?v=2ZIUz1zmJfo,,,,not_fetched_or_no_public_english_caption
missing,1zvvFOmwnRE,Pairs Trading Strategy Explained | Beginners Guide | Algorithmic Trading Strategies,https://www.youtube.com/watch?v=1zvvFOmwnRE,,,,not_fetched_or_no_public_english_caption
missing,f4UJnDmtLz4,QuantInsti EPAT Review | Guohao Ernest’s Success Story | Singapore,https://www.youtube.com/watch?v=f4UJnDmtLz4,,,,not_fetched_or_no_public_english_caption
missing,y-B09YSSMFA,QuantInsti EPAT Review | David Ordiz’s Success Story | Spain,https://www.youtube.com/watch?v=y-B09YSSMFA,,,,not_fetched_or_no_public_english_caption
missing,MqnSUAM15Dg,QuantInsti EPAT Review | Praveen Singh’s Success Story | Japan,https://www.youtube.com/watch?v=MqnSUAM15Dg,,,,not_fetched_or_no_public_english_caption
missing,P8cnS5plMAU,QuantInsti EPAT Review | Melvin Soon’s Success Story | Singapore,https://www.youtube.com/watch?v=P8cnS5plMAU,,,,not_fetched_or_no_public_english_caption
missing,ewSp6MjZ3aQ,15 Most Popular Algo Trading Strategies,https://www.youtube.com/watch?v=ewSp6MjZ3aQ,,,,not_fetched_or_no_public_english_caption
missing,P2WM4BsEnz0,Top 3 Myths Surrounding Algorithmic Trading,https://www.youtube.com/watch?v=P2WM4BsEnz0,,,,not_fetched_or_no_public_english_caption
missing,Q-YR7bcsbZA,QuantInsti EPAT Review | Chinmay Patil’s Success Story | India,https://www.youtube.com/watch?v=Q-YR7bcsbZA,,,,not_fetched_or_no_public_english_caption
missing,fxFF9gCgXu8,QuantInsti EPAT Review | Karthic Krishnan’s Success Story | India,https://www.youtube.com/watch?v=fxFF9gCgXu8,,,,not_fetched_or_no_public_english_caption
missing,KuSdM3Gserw,QuantInsti EPAT Review | Deep Lakhani's Success Story | India,https://www.youtube.com/watch?v=KuSdM3Gserw,,,,not_fetched_or_no_public_english_caption
missing,-rlFixCdzeM,QuantInsti EPAT Review | Sagar Doshi's Success Story | India,https://www.youtube.com/watch?v=-rlFixCdzeM,,,,not_fetched_or_no_public_english_caption
missing,CMuIebf7srg,QuantInsti EPAT Review | HuanJian Chang's Success Story | Singapore,https://www.youtube.com/watch?v=CMuIebf7srg,,,,not_fetched_or_no_public_english_caption
missing,0O0lxqC0BaA,QuantInsti EPAT Review | Angela Zhao's Success Story | Canada,https://www.youtube.com/watch?v=0O0lxqC0BaA,,,,not_fetched_or_no_public_english_caption
missing,OPfsGPDslc0,QuantInsti EPAT Review | Dayal Madan's Success Story | India,https://www.youtube.com/watch?v=OPfsGPDslc0,,,,not_fetched_or_no_public_english_caption
missing,sSsIQ-g7SzI,QuantInsti EPAT Review | Mayur Patil's Success Story | India,https://www.youtube.com/watch?v=sSsIQ-g7SzI,,,,not_fetched_or_no_public_english_caption
missing,Z5uCt0jy-ag,QuantInsti EPAT Review | Siddharth Bhatia's Success Story | UAE,https://www.youtube.com/watch?v=Z5uCt0jy-ag,,,,not_fetched_or_no_public_english_caption
missing,EFqJPqc21zs,Introduction to Algorithmic Trading,https://www.youtube.com/watch?v=EFqJPqc21zs,,,,not_fetched_or_no_public_english_caption
missing,5vpDdIAvAGQ,Algorithmic Trading Explained in 5 Minutes!,https://www.youtube.com/watch?v=5vpDdIAvAGQ,,,,not_fetched_or_no_public_english_caption
missing,vuqh2ZswbaI,QuantInsti EPAT Review | Xavier Anthony's Success Story | Australia,https://www.youtube.com/watch?v=vuqh2ZswbaI,,,,not_fetched_or_no_public_english_caption
missing,TBkS-n_CRQo,QuantInsti EPAT Review | Evgeny Tishkin's Success Story | Russia,https://www.youtube.com/watch?v=TBkS-n_CRQo,,,,not_fetched_or_no_public_english_caption
missing,eXsVAgC7_zg,QuantInsti EPAT Review | Akshat Rohatgi's Success Story | India,https://www.youtube.com/watch?v=eXsVAgC7_zg,,,,not_fetched_or_no_public_english_caption
missing,t7xTAmRQIv8,QuantInsti EPAT Review | Gustavo Corrêa's Success Story | South Africa,https://www.youtube.com/watch?v=t7xTAmRQIv8,,,,not_fetched_or_no_public_english_caption
missing,EqzXtchQGWI,Machine Learning in Trading | Alumni Discussion Table,https://www.youtube.com/watch?v=EqzXtchQGWI,,,,not_fetched_or_no_public_english_caption
missing,RXBil_skK9I,QuantInsti EPAT Review | Efrin Gonzalez's Success Story | Guatemala,https://www.youtube.com/watch?v=RXBil_skK9I,,,,not_fetched_or_no_public_english_caption
missing,sqorKEftPsY,3 important Trade-Level Analytics to Maximize Your Trading Performance,https://www.youtube.com/watch?v=sqorKEftPsY,,,,not_fetched_or_no_public_english_caption
missing,PyYCysDJh5U,Mastering Moving Average Backtesting: A Step-by-Step Guide for Trading Analysis,https://www.youtube.com/watch?v=PyYCysDJh5U,,,,not_fetched_or_no_public_english_caption
missing,P8b8jye2wpw,"Correlation Between Assets: Understand, How to Measure It, and More",https://www.youtube.com/watch?v=P8b8jye2wpw,,,,not_fetched_or_no_public_english_caption
missing,L_yIoRmTg2Y,Get Stock Market Data using Python - Everything you should know!,https://www.youtube.com/watch?v=L_yIoRmTg2Y,,,,not_fetched_or_no_public_english_caption
missing,WbM-O0i52xE,QuantInsti EPAT Review | Parrag Jaiin Nainutia,https://www.youtube.com/watch?v=WbM-O0i52xE,,,,not_fetched_or_no_public_english_caption
missing,p8rmX0qseqg,IAS Officer and Algorithmic Trading | Parrag Jaiin Nainutia | EPAT Success Story,https://www.youtube.com/watch?v=p8rmX0qseqg,,,,not_fetched_or_no_public_english_caption
missing,ooAPD3a95Dw,QuantInsti EPAT Review | Siddhant Vaidya's Success Story | United States,https://www.youtube.com/watch?v=ooAPD3a95Dw,,,,not_fetched_or_no_public_english_caption
missing,mcvI44_2BQQ,"QuantInsti EPAT Review | Raj Mahajan's Success Story | Process Manager from Delaware, USA",https://www.youtube.com/watch?v=mcvI44_2BQQ,,,,not_fetched_or_no_public_english_caption
missing,x8cfn4YVBic,QuantInsti EPAT review | Pranav Lal’s success story | Best feature of EPAT,https://www.youtube.com/watch?v=x8cfn4YVBic,,,,not_fetched_or_no_public_english_caption
missing,in93k5gIS_8,QuantInsti EPAT review | Pranav Lal’s success story | A day in the life,https://www.youtube.com/watch?v=in93k5gIS_8,,,,not_fetched_or_no_public_english_caption
missing,gvMvkCVUkZs,QuantInsti EPAT review | Pranav Lal’s success story | Trading without eyesight,https://www.youtube.com/watch?v=gvMvkCVUkZs,,,,not_fetched_or_no_public_english_caption
missing,XGJzz6Sjfp8,QuantInsti EPAT review | Pranav Lal’s success story | About Pranav,https://www.youtube.com/watch?v=XGJzz6Sjfp8,,,,not_fetched_or_no_public_english_caption
missing,_Ad0vxMx8_4,QuantInsti EPAT review | Pranav Lal’s success story | Experience of learning Algo Trading with EPAT,https://www.youtube.com/watch?v=_Ad0vxMx8_4,,,,not_fetched_or_no_public_english_caption
missing,HekRa-vlgcU,QuantInsti EPAT review | Pranav Lal’s success story | Plans for the future,https://www.youtube.com/watch?v=HekRa-vlgcU,,,,not_fetched_or_no_public_english_caption
missing,ZKsno0hLl10,"QuantInsti EPAT review | Pranav Lal’s success story | Trading styles, Execution and Application",https://www.youtube.com/watch?v=ZKsno0hLl10,,,,not_fetched_or_no_public_english_caption
missing,PiqXnrf6tNw,QuantInsti EPAT review | Pranav Lal’s success story | Message to aspiring Algo Traders,https://www.youtube.com/watch?v=PiqXnrf6tNw,,,,not_fetched_or_no_public_english_caption
missing,LOACaXsARvI,QuantInsti EPAT review | Pranav Lal’s success story | Top scorer in the EPAT exam,https://www.youtube.com/watch?v=LOACaXsARvI,,,,not_fetched_or_no_public_english_caption
missing,Hjhx1sjQRoM,"QuantInsti EPAT review | Pranav Lal’s success story | Being a TEDx speaker, writer and photographer",https://www.youtube.com/watch?v=Hjhx1sjQRoM,,,,not_fetched_or_no_public_english_caption
missing,IzGHGjKcYPg,QuantInsti EPAT review | Pranav Lal’s success story | Learning about the markets,https://www.youtube.com/watch?v=IzGHGjKcYPg,,,,not_fetched_or_no_public_english_caption
missing,8jgxA1ShRhE,Trading without eyesight | Pranav Lal’s COMPLETE Success Story | QuantInsti EPAT review,https://www.youtube.com/watch?v=8jgxA1ShRhE,,,,not_fetched_or_no_public_english_caption
missing,0NoMOsk6rHg,QuantInsti EPAT review | Pranav Lal's success story | Journey over the years,https://www.youtube.com/watch?v=0NoMOsk6rHg,,,,not_fetched_or_no_public_english_caption
missing,bqAZHvG89DQ,How to manage risks in Day Trading? | EPAT Alumni Table Discussion,https://www.youtube.com/watch?v=bqAZHvG89DQ,,,,not_fetched_or_no_public_english_caption
missing,nhuGUQFQK-4,Favourable asset classes for desired results in Day Trading | EPAT Alumni Table Discussion,https://www.youtube.com/watch?v=nhuGUQFQK-4,,,,not_fetched_or_no_public_english_caption
missing,0ZWqH6l8v40,What results can be expected by Day Trading? | EPAT Alumni Table Discussion,https://www.youtube.com/watch?v=0ZWqH6l8v40,,,,not_fetched_or_no_public_english_caption
missing,vym0bdoMmIk,Why day trading?  What are the benefits of Day Trading? | EPAT Alumni Table Discussion,https://www.youtube.com/watch?v=vym0bdoMmIk,,,,not_fetched_or_no_public_english_caption
missing,A_0U29RMPkw,Tomáš Geissler - #EPATian Success Story,https://www.youtube.com/watch?v=A_0U29RMPkw,,,,not_fetched_or_no_public_english_caption
missing,QFUthC37nLI,Dr. Lawrence Harris at QuantInsti's EPAT Convocation - July 2022,https://www.youtube.com/watch?v=QFUthC37nLI,,,,not_fetched_or_no_public_english_caption
missing,vVZNse7xiSs,Ask Me Anything: Sentiment Analysis and Alternative Data in Trading,https://www.youtube.com/watch?v=vVZNse7xiSs,,,,not_fetched_or_no_public_english_caption
missing,lavHhQvctug,Richard Harrison (United States) | QuantInsti Review | EPAT Review,https://www.youtube.com/watch?v=lavHhQvctug,,,,not_fetched_or_no_public_english_caption
missing,naOk0RaiiCs,About downloading the content of EPAT,https://www.youtube.com/watch?v=naOk0RaiiCs,,,,not_fetched_or_no_public_english_caption
missing,-8jnf5-pTCs,Is a Laptop enough for Algo Trading?,https://www.youtube.com/watch?v=-8jnf5-pTCs,,,,not_fetched_or_no_public_english_caption
missing,fdazolUcQnY,Salary for Freshers after EPAT,https://www.youtube.com/watch?v=fdazolUcQnY,,,,not_fetched_or_no_public_english_caption
missing,dLGp6oOHEFM,Algorithmic Trading Tutorial Python | Algo Trading for Beginners | Build Your First Trading Algo,https://www.youtube.com/watch?v=dLGp6oOHEFM,,,,not_fetched_or_no_public_english_caption
missing,WgHkVGtb3lE,"Vivek Gadodia | Co-Founder, Dravyaniti Consulting and AlgoConvention | #10YearsOfQuantInsti",https://www.youtube.com/watch?v=WgHkVGtb3lE,,,,not_fetched_or_no_public_english_caption
missing,MGBlfQKNZ4k,"Kusal Kansara | Co-Founder, Curl Capital | #10YearsOfQuantInsti",https://www.youtube.com/watch?v=MGBlfQKNZ4k,,,,not_fetched_or_no_public_english_caption
missing,zt_3fP6hXvA,Nitin Aggarwal | EPAT Faculty | #10YearsOfQuantInsti,https://www.youtube.com/watch?v=zt_3fP6hXvA,,,,not_fetched_or_no_public_english_caption
missing,QBY6ScklDWQ,A Message from Dr Thomas Starke #10YearsOfQuantInsti,https://www.youtube.com/watch?v=QBY6ScklDWQ,,,,not_fetched_or_no_public_english_caption
missing,za-y2yT6RHk,A Message from Dr Ernest Chan #10YearsOfQuantInsti,https://www.youtube.com/watch?v=za-y2yT6RHk,,,,not_fetched_or_no_public_english_caption
missing,9q3DogxnsBc,What level of automation can I achieve from EPAT?,https://www.youtube.com/watch?v=9q3DogxnsBc,,,,not_fetched_or_no_public_english_caption
missing,kqH0AaDQisY,Machine Learning For Trading | Random Forest Regression Model in Forex Trading by Christos Gklinavos,https://www.youtube.com/watch?v=kqH0AaDQisY,,,,not_fetched_or_no_public_english_caption
missing,OJl92p12zjE,Forex Trading for Beginners | Build Systematic G10 FX index | Marti Castany,https://www.youtube.com/watch?v=OJl92p12zjE,,,,not_fetched_or_no_public_english_caption
missing,-ltYzrTcFRE,Vijay Kumar Mathangi at EPAT Convocation in June 2021 | QuantInsti Review | EPAT Review,https://www.youtube.com/watch?v=-ltYzrTcFRE,,,,not_fetched_or_no_public_english_caption
missing,M2yId9eA16Y,Marti Castany at EPAT Convocation in June 2021 | QuantInsti Review | EPAT Review,https://www.youtube.com/watch?v=M2yId9eA16Y,,,,not_fetched_or_no_public_english_caption
missing,zj5-Uluj0Fg,Gaston Solari Loudet at EPAT Convocation in June 2021 | QuantInsti Review | EPAT Review,https://www.youtube.com/watch?v=zj5-Uluj0Fg,,,,not_fetched_or_no_public_english_caption
missing,zNWpEW6cAeo,Machine Learning and Sentiment Analysis [Algo Trading Project Webinar],https://www.youtube.com/watch?v=zNWpEW6cAeo,,,,not_fetched_or_no_public_english_caption
missing,UCP281HmBX0,Nithin Kamath at QuantInsti's EPAT Convocation - June 2021,https://www.youtube.com/watch?v=UCP281HmBX0,,,,not_fetched_or_no_public_english_caption
missing,vNrM5mhe-EA,Optimal Portfolio Allocation Using Machine Learning,https://www.youtube.com/watch?v=vNrM5mhe-EA,,,,not_fetched_or_no_public_english_caption
missing,hqQOFJgff84,Difference between EPAT and other programmes,https://www.youtube.com/watch?v=hqQOFJgff84,,,,not_fetched_or_no_public_english_caption
missing,UAMySJK2p4w,Career transitioning with EPAT for a middle-aged Engineer & Statistical Options Trader,https://www.youtube.com/watch?v=UAMySJK2p4w,,,,not_fetched_or_no_public_english_caption
missing,DFHzil2_s9I,Quant Researcher jobs in Algo Trading for experienced Software Developers,https://www.youtube.com/watch?v=DFHzil2_s9I,,,,not_fetched_or_no_public_english_caption
missing,sO9VVe3zsF4,"After EPAT, does an individual trader go for his own Trading Desk or joins a big Firm?",https://www.youtube.com/watch?v=sO9VVe3zsF4,,,,not_fetched_or_no_public_english_caption
missing,fjC2ieTypoQ,Can a .net pro developer get a job in Algo Trading?,https://www.youtube.com/watch?v=fjC2ieTypoQ,,,,not_fetched_or_no_public_english_caption
missing,2X3F3aPQHEM,Do I have to go for the entire EPAT course?,https://www.youtube.com/watch?v=2X3F3aPQHEM,,,,not_fetched_or_no_public_english_caption
missing,R8kQuhJkFKI,Learning Algorithmic Trading with EPAT at QuantInsti,https://www.youtube.com/watch?v=R8kQuhJkFKI,,,,not_fetched_or_no_public_english_caption
missing,TXQJWSf14Kc,Profitability of Algorithmic Trading,https://www.youtube.com/watch?v=TXQJWSf14Kc,,,,not_fetched_or_no_public_english_caption
missing,rjrfVrGpAC8,Forex Trading Tutorial | Learn to Use Machine Learning and Systematic Trading in Forex,https://www.youtube.com/watch?v=rjrfVrGpAC8,,,,not_fetched_or_no_public_english_caption
missing,nY8Q-jyB-s8,Applications of ML in Trading,https://www.youtube.com/watch?v=nY8Q-jyB-s8,,,,not_fetched_or_no_public_english_caption
missing,n7wFiDLGlWY,Career and Skills for Algo Trading,https://www.youtube.com/watch?v=n7wFiDLGlWY,,,,not_fetched_or_no_public_english_caption
missing,QE69wF8Kvx4,Platforms for Algo Trading,https://www.youtube.com/watch?v=QE69wF8Kvx4,,,,not_fetched_or_no_public_english_caption
missing,7_Yu_UQxKgU,Coding in Algo Trading | What all can be coded?,https://www.youtube.com/watch?v=7_Yu_UQxKgU,,,,not_fetched_or_no_public_english_caption
missing,f_noS2Tu7jI,Find Your Ideal Data Sources for Algorithmic Trading,https://www.youtube.com/watch?v=f_noS2Tu7jI,,,,not_fetched_or_no_public_english_caption
missing,Cq6OQ8biDMM,AMA On Algo Trading With Nitesh Khandelwal | Webinar Recording | 16 Mar 2021,https://www.youtube.com/watch?v=Cq6OQ8biDMM,,,,not_fetched_or_no_public_english_caption
missing,5JWr1bOY92U,How many hours are required per day for studying EPAT?,https://www.youtube.com/watch?v=5JWr1bOY92U,,,,not_fetched_or_no_public_english_caption
missing,ecvnHc1C7UQ,How do you differentiate EPAT from other courses online?,https://www.youtube.com/watch?v=ecvnHc1C7UQ,,,,not_fetched_or_no_public_english_caption
missing,EH7j6VdMqNc,What is the time commitment required for EPAT?,https://www.youtube.com/watch?v=EH7j6VdMqNc,,,,not_fetched_or_no_public_english_caption
missing,0wGINX6-DRE,Is the EPAT course classroom-based?,https://www.youtube.com/watch?v=0wGINX6-DRE,,,,not_fetched_or_no_public_english_caption
missing,2TvxOxIghps,How many students from EPAT get job placement?,https://www.youtube.com/watch?v=2TvxOxIghps,,,,not_fetched_or_no_public_english_caption
missing,Tp-c4g_r-z0,I want to start my own Trading Desk. How will EPAT help?,https://www.youtube.com/watch?v=Tp-c4g_r-z0,,,,not_fetched_or_no_public_english_caption
missing,I2jxs-1UWHk,Stock Data Analysis: Excel Vs Python | Full Tutorial,https://www.youtube.com/watch?v=I2jxs-1UWHk,,,,not_fetched_or_no_public_english_caption
missing,PlDxnmamHks,What sort of investment is required for starting your own Algo Trading desk?,https://www.youtube.com/watch?v=PlDxnmamHks,,,,not_fetched_or_no_public_english_caption
missing,6W_Yg1eVCYg,What is the success ratio of the trading strategies taught in EPAT?,https://www.youtube.com/watch?v=6W_Yg1eVCYg,,,,not_fetched_or_no_public_english_caption
missing,7blfFDpKJEg,Backtesting a Trading Strategy | Use Interactive Brokers to Build a Backtesting Environment,https://www.youtube.com/watch?v=7blfFDpKJEg,,,,not_fetched_or_no_public_english_caption
missing,RwEhy95bk4Y,Bank Nifty Strategy | Predicting Bank Nifty Open Price Using Deep Learning,https://www.youtube.com/watch?v=RwEhy95bk4Y,,,,not_fetched_or_no_public_english_caption
missing,aJ9sfnPkMU4,Annual Rate of Return in Algo Trading on Retail Basis,https://www.youtube.com/watch?v=aJ9sfnPkMU4,,,,not_fetched_or_no_public_english_caption
missing,xYS5ulhJeO0,What Kind Of Returns Does A Typical Algorithmic Trader Make?,https://www.youtube.com/watch?v=xYS5ulhJeO0,,,,not_fetched_or_no_public_english_caption
missing,nXmIGj68QWs,Algorithmic Trading Strategies For Scalping Or Small Gains,https://www.youtube.com/watch?v=nXmIGj68QWs,,,,not_fetched_or_no_public_english_caption
missing,N_apNdtMaa0,Algorithmic Trading And Technical Analysis,https://www.youtube.com/watch?v=N_apNdtMaa0,,,,not_fetched_or_no_public_english_caption
missing,CAs1vPfuMro,Options Trading Strategies | Options for Beginners | Learn Options Trading From an Expert,https://www.youtube.com/watch?v=CAs1vPfuMro,,,,not_fetched_or_no_public_english_caption
missing,W1eMkUz3WQk,What Is The Cost Of Setting Up An Algo Trading Desk (LFT To HFT)?,https://www.youtube.com/watch?v=W1eMkUz3WQk,,,,not_fetched_or_no_public_english_caption
missing,CzKxUir0i6s,Predicting Market Movement and Backtesting Trading Strategies [Algo Trading Projects] - 19 Jan. 2021,https://www.youtube.com/watch?v=CzKxUir0i6s,,,,not_fetched_or_no_public_english_caption
missing,xRKvVZjKEHQ,How Perfect Is Trading For Living?,https://www.youtube.com/watch?v=xRKvVZjKEHQ,,,,not_fetched_or_no_public_english_caption
missing,jB3SfQu9d6s,High Frequency Trading (HFT) in Gulf Countries,https://www.youtube.com/watch?v=jB3SfQu9d6s,,,,not_fetched_or_no_public_english_caption
missing,KDadLEgcW7M,Algo Trading Job Profiles and Opportunities through EPAT,https://www.youtube.com/watch?v=KDadLEgcW7M,,,,not_fetched_or_no_public_english_caption
missing,y1md2hkEc4Y,Trading v/s Quant Trading - Skill Comparison,https://www.youtube.com/watch?v=y1md2hkEc4Y,,,,not_fetched_or_no_public_english_caption
missing,P3nuEszS_Yg,Evolution of Trading with Technology,https://www.youtube.com/watch?v=P3nuEszS_Yg,,,,not_fetched_or_no_public_english_caption
missing,L3k6Sg6-CZ8,Learning Algo Trading with EPAT | Algo Trading Course | QuantInsti,https://www.youtube.com/watch?v=L3k6Sg6-CZ8,,,,not_fetched_or_no_public_english_caption
missing,ZfAp5yexp9M,What is Algorithmic Trading?,https://www.youtube.com/watch?v=ZfAp5yexp9M,,,,not_fetched_or_no_public_english_caption
missing,7v1hWekF_8o,How to use ML to detect crisis in the markets and for Risk Management? Dr. Ernest Chan answers,https://www.youtube.com/watch?v=7v1hWekF_8o,,,,not_fetched_or_no_public_english_caption
missing,SkTA60g63Ec,Which do you prefer for Trading - Deep Learning or Reinforcement Learning? Dr. Ernest Chan answers,https://www.youtube.com/watch?v=SkTA60g63Ec,,,,not_fetched_or_no_public_english_caption
missing,S5Qk8WJjehQ,What is the risk of overfitting a single asset Time Series? Dr. Ernest Chan answers,https://www.youtube.com/watch?v=S5Qk8WJjehQ,,,,not_fetched_or_no_public_english_caption
missing,BvxdbKybLZg,"Questions about Deep Learning - Where to start, preprocessing, and models? Dr. Ernest Chan answers",https://www.youtube.com/watch?v=BvxdbKybLZg,,,,not_fetched_or_no_public_english_caption
missing,YXq4l-BVvy4,How can people outside the domain learn to use Machine Learning in Trading? Dr. Ernest Chan answers,https://www.youtube.com/watch?v=YXq4l-BVvy4,,,,not_fetched_or_no_public_english_caption
missing,1tk0IySPFgA,Queries about Machine Learning for Trading - Dr. Ernest Chan answers!,https://www.youtube.com/watch?v=1tk0IySPFgA,,,,not_fetched_or_no_public_english_caption
missing,11VGnw9Fu48,Which is good for Retail or Intraday Traders? | R or Python ? | Dr. Ernest Chan explains!,https://www.youtube.com/watch?v=11VGnw9Fu48,,,,not_fetched_or_no_public_english_caption
missing,kXNBycDHGK0,What are the prerequisites to learn the implementation of ML in trading? Dr Ernest Chan answers!,https://www.youtube.com/watch?v=kXNBycDHGK0,,,,not_fetched_or_no_public_english_caption
missing,cB1v7M8GFJE,How to use AI & ML in trading? How to create AI/ML models and improve them? Dr Ernest Chan answers!,https://www.youtube.com/watch?v=cB1v7M8GFJE,,,,not_fetched_or_no_public_english_caption
missing,qmsROdXwWiY,How to detect Fake News that affects the stock price prediction model? Dr Ernest Chan answers!,https://www.youtube.com/watch?v=qmsROdXwWiY,,,,not_fetched_or_no_public_english_caption
missing,UrzDnv3w3qg,Backtesting And Live Trading | Blueshift Visual Programming Tutorial,https://www.youtube.com/watch?v=UrzDnv3w3qg,,,,not_fetched_or_no_public_english_caption
missing,djheRnTCu4U,Scheduling and Order Parameters | Blueshift Visual Programming Tutorial,https://www.youtube.com/watch?v=djheRnTCu4U,,,,not_fetched_or_no_public_english_caption
missing,EJAh435hdoc,Trading Rules And Actions | Blueshift Visual Programming Tutorial,https://www.youtube.com/watch?v=EJAh435hdoc,,,,not_fetched_or_no_public_english_caption
missing,1maN14wxVnQ,Variables And Alpha Functions | Blueshift Visual Programming Tutorial,https://www.youtube.com/watch?v=1maN14wxVnQ,,,,not_fetched_or_no_public_english_caption
missing,vu6HBVJbt6w,Strategy Settings And Trade Universe | Blueshift Visual Programming Tutorial,https://www.youtube.com/watch?v=vu6HBVJbt6w,,,,not_fetched_or_no_public_english_caption
missing,0dvKxuWcGMY,Interface Overview | Blueshift Visual Programming Tutorial,https://www.youtube.com/watch?v=0dvKxuWcGMY,,,,not_fetched_or_no_public_english_caption
missing,Dj_RUh1WHFg,Tutorial Overview and Structure | Blueshift Visual Programming Tutorial,https://www.youtube.com/watch?v=Dj_RUh1WHFg,,,,not_fetched_or_no_public_english_caption
missing,8z-ieqoZG8E,What are the benefits of using AI and ML in Trading? Dr Ernest Chan answers!,https://www.youtube.com/watch?v=8z-ieqoZG8E,,,,not_fetched_or_no_public_english_caption
missing,j8XoCKYWzvk,Is stock price prediction possible? Dr Ernest Chan answers!,https://www.youtube.com/watch?v=j8XoCKYWzvk,,,,not_fetched_or_no_public_english_caption
missing,xjR4AHpEAUs,"Jonathan Mathews (Fund Manager, United Kingdom) | QuantInsti Review | EPAT Review",https://www.youtube.com/watch?v=xjR4AHpEAUs,,,,not_fetched_or_no_public_english_caption
missing,Yyr8gz50uC8,Sentiment Analysis Tutorial | Learn to Predicting Stock Trends & Use Statistical Arbitrage,https://www.youtube.com/watch?v=Yyr8gz50uC8,,,,not_fetched_or_no_public_english_caption
missing,S57k78ecBLI,Strategic Python Trading with Michael Harris | Techniques for Market Regime Changes,https://www.youtube.com/watch?v=S57k78ecBLI,,,,not_fetched_or_no_public_english_caption
missing,VFhSKz4hyTA,Algorithmic Trading | Full Tutorial | Ideation to Live Markets | Dr Hui Liu & Aditya Gupta,https://www.youtube.com/watch?v=VFhSKz4hyTA,,,,not_fetched_or_no_public_english_caption
missing,n_iN8sQhIns,Long Term Enterprise Valuation Prediction by Prof S Chandrasekhar | Research Presentation,https://www.youtube.com/watch?v=n_iN8sQhIns,,,,not_fetched_or_no_public_english_caption
missing,FE76PQFJytU,Credit Risk Modeling by Dr Xiao Qiao | Research Presentation,https://www.youtube.com/watch?v=FE76PQFJytU,,,,not_fetched_or_no_public_english_caption
missing,Ne_S7iDuLi0,"What impacts a Quant Strategy? [Panel Discussion] - Sep 24, 2020",https://www.youtube.com/watch?v=Ne_S7iDuLi0,,,,not_fetched_or_no_public_english_caption
missing,H-c49jQxGbs,Why Every Trader Needs to Know This: Dr. Thomas Starke on Machine Learning Trading,https://www.youtube.com/watch?v=H-c49jQxGbs,,,,not_fetched_or_no_public_english_caption
missing,sFwyS-L-aDE,Must-Watch: Dr. Ernest Chan’s Ultimate Guide to Mean Reversion Trading!,https://www.youtube.com/watch?v=sFwyS-L-aDE,,,,not_fetched_or_no_public_english_caption
missing,_eO48tVDjv0,How to combine Alpha Strategies to create a good Portfolio? | Explained,https://www.youtube.com/watch?v=_eO48tVDjv0,,,,not_fetched_or_no_public_english_caption
missing,H68P_rekOy4,How to use Portfolio optimization techniques? | Explained,https://www.youtube.com/watch?v=H68P_rekOy4,,,,not_fetched_or_no_public_english_caption
missing,IcRLtCjSY1I,Portfolio Optimization Techniques | Explained,https://www.youtube.com/watch?v=IcRLtCjSY1I,,,,not_fetched_or_no_public_english_caption
missing,wnbDKRuHlzE,Discretionary Research or Quantitative Research - Which one should be preferred? | Explained,https://www.youtube.com/watch?v=wnbDKRuHlzE,,,,not_fetched_or_no_public_english_caption
missing,m8QUfmX1798,Should Retail Investors go for Value Investing or Factor Investing? | Explained,https://www.youtube.com/watch?v=m8QUfmX1798,,,,not_fetched_or_no_public_english_caption
missing,2o4OnPzlR0M,"Role of MPT, CAPM and other factors in building a Portfolio | Explained",https://www.youtube.com/watch?v=2o4OnPzlR0M,,,,not_fetched_or_no_public_english_caption
missing,yskJ99DwN1Q,How to build a Portfolio in Trading? | Explained,https://www.youtube.com/watch?v=yskJ99DwN1Q,,,,not_fetched_or_no_public_english_caption
missing,DYyajnadsnQ,What is Portfolio Management? | Explained,https://www.youtube.com/watch?v=DYyajnadsnQ,,,,not_fetched_or_no_public_english_caption
missing,D_n-CxbPIso,How to get into Algorithmic Trading? | Explained,https://www.youtube.com/watch?v=D_n-CxbPIso,,,,not_fetched_or_no_public_english_caption
missing,VUntxrxDREU,What are the prerequisites for Quantitative Trading? | Explained,https://www.youtube.com/watch?v=VUntxrxDREU,,,,not_fetched_or_no_public_english_caption
missing,x55LR_4PS_0,Is Algorithmic Trading complicated? | Explained,https://www.youtube.com/watch?v=x55LR_4PS_0,,,,not_fetched_or_no_public_english_caption
missing,YMS9dSS5ZoQ,Can Retail Traders compete in Algo Trading? | Explained,https://www.youtube.com/watch?v=YMS9dSS5ZoQ,,,,not_fetched_or_no_public_english_caption
missing,Szr1izv6GUw,Fundamental Analysis and Quantitative Analysis | Explained,https://www.youtube.com/watch?v=Szr1izv6GUw,,,,not_fetched_or_no_public_english_caption
missing,SohUND7tLNc,Data-Driven Trading: Master Technical Analysis and Quantitative Analysis,https://www.youtube.com/watch?v=SohUND7tLNc,,,,not_fetched_or_no_public_english_caption
missing,0K0x-kkLUXw,Human Trading versus Algorithmic Trading | Explained,https://www.youtube.com/watch?v=0K0x-kkLUXw,,,,not_fetched_or_no_public_english_caption
missing,F83LsVbA6hg,Algorithmic Trading | Explained,https://www.youtube.com/watch?v=F83LsVbA6hg,,,,not_fetched_or_no_public_english_caption
missing,OygKmDAIZtE,How will COVID-19 end? Scenario #2 | Pandemics & Stock Markets,https://www.youtube.com/watch?v=OygKmDAIZtE,,,,not_fetched_or_no_public_english_caption
missing,XOM_GbOmwfs,How will COVID-19 end? Scenario #1 | Pandemics & Stock Markets,https://www.youtube.com/watch?v=XOM_GbOmwfs,,,,not_fetched_or_no_public_english_caption
missing,7C3UfKuXF-8,Asset Classes scatter plot during COVID-19 | Pandemics & Stock Markets,https://www.youtube.com/watch?v=7C3UfKuXF-8,,,,not_fetched_or_no_public_english_caption
missing,Y0PaVA1ImHA,How contagious is COVID-19? | Pandemics & Stock Markets,https://www.youtube.com/watch?v=Y0PaVA1ImHA,,,,not_fetched_or_no_public_english_caption
missing,YeQGW5ePFKU,How long will the COVID-19 scenario last in the markets? | Pandemics & Stock Markets,https://www.youtube.com/watch?v=YeQGW5ePFKU,,,,not_fetched_or_no_public_english_caption
missing,E0Uqqz7E3vY,Impact of the Swine Flu on the financial markets in the past | Pandemics & Stock Markets,https://www.youtube.com/watch?v=E0Uqqz7E3vY,,,,not_fetched_or_no_public_english_caption
missing,iz4MvIVXj9c,Performance of Factor Investing during COVID-19 | Pandemics & Stock Markets,https://www.youtube.com/watch?v=iz4MvIVXj9c,,,,not_fetched_or_no_public_english_caption
missing,lDT4IoZzKb0,Effect of pandemics on Stock Markets in the history of trading | Pandemics & Stock Markets,https://www.youtube.com/watch?v=lDT4IoZzKb0,,,,not_fetched_or_no_public_english_caption
missing,iMsWUl-3Iyc,Why should you learn Algorithmic Trading?,https://www.youtube.com/watch?v=iMsWUl-3Iyc,,,,not_fetched_or_no_public_english_caption
missing,bg1RRkz68po,Factor performance in the stock markets during COVID-19 | Pandemics & Stock Markets,https://www.youtube.com/watch?v=bg1RRkz68po,,,,not_fetched_or_no_public_english_caption
missing,wsUhnHXbdnY,Deaths due to pandemics in human history | Pandemics & Stock Markets,https://www.youtube.com/watch?v=wsUhnHXbdnY,,,,not_fetched_or_no_public_english_caption
missing,C91yEyfYTZo,Sectoral performance in the markets during COVID-19 | Pandemics & Stock Markets,https://www.youtube.com/watch?v=C91yEyfYTZo,,,,not_fetched_or_no_public_english_caption
missing,wctwAfjOo80,Algorithmic Trading with EPAT,https://www.youtube.com/watch?v=wctwAfjOo80,,,,not_fetched_or_no_public_english_caption
missing,4jN2tDjKi7E,"Mr. Anji Vaidyula | AVP, Data Science at Franklin Templeton | Speech at EPAT convocation | Apr 2020",https://www.youtube.com/watch?v=4jN2tDjKi7E,,,,not_fetched_or_no_public_english_caption
missing,abcvlDim6iA,Sunanda Balla | Convocation Speech | EPAT,https://www.youtube.com/watch?v=abcvlDim6iA,,,,not_fetched_or_no_public_english_caption
missing,1RiK1hBdbJk,Fernando Bellora | Convocation Speech | EPAT,https://www.youtube.com/watch?v=1RiK1hBdbJk,,,,not_fetched_or_no_public_english_caption
missing,XmEmGOXZiNI,Balamurugan | Convocation Speech | About EPAT,https://www.youtube.com/watch?v=XmEmGOXZiNI,,,,not_fetched_or_no_public_english_caption
missing,Qozvy3PzNP4,Mr. Yoshi Yokokawa | Co-Founder & CEO of Alpaca | Speech at EPAT convocation | Apr 2020,https://www.youtube.com/watch?v=Qozvy3PzNP4,,,,not_fetched_or_no_public_english_caption
missing,DBk925lBNGo,"How Pandemics Impact the Financial Markets - April 2, 2020",https://www.youtube.com/watch?v=DBk925lBNGo,,,,not_fetched_or_no_public_english_caption
missing,S8WoRbzb0zg,Algo Trading Challenge 2020,https://www.youtube.com/watch?v=S8WoRbzb0zg,,,,not_fetched_or_no_public_english_caption
missing,DegANUaZwOE,Blueshift Backtesting and Live Trading.,https://www.youtube.com/watch?v=DegANUaZwOE,,,,not_fetched_or_no_public_english_caption
missing,sme-4-VsD04,How to Optimize a Trading Strategy? (EPAT Sneak Peek Lecture),https://www.youtube.com/watch?v=sme-4-VsD04,,,,not_fetched_or_no_public_english_caption
missing,qrEb5DIfn48,Blueshift - An Introduction,https://www.youtube.com/watch?v=qrEb5DIfn48,,,,not_fetched_or_no_public_english_caption
missing,S0ZQmXpoOuQ,QuantInsti Epat review | Punit Nandi's success story,https://www.youtube.com/watch?v=S0ZQmXpoOuQ,,,,not_fetched_or_no_public_english_caption
missing,S95YkpJdX3w,Algorithmic Trading in Commodity Markets,https://www.youtube.com/watch?v=S95YkpJdX3w,,,,not_fetched_or_no_public_english_caption
missing,qLsxbiZgTho,Backtesting and live trading with Interactive Brokers using Python.,https://www.youtube.com/watch?v=qLsxbiZgTho,,,,not_fetched_or_no_public_english_caption
missing,n8ZiAXkE0Yw,Rohit Poddar''s speech at EPAT® convocation for aspiring quants – QuantInsti,https://www.youtube.com/watch?v=n8ZiAXkE0Yw,,,,not_fetched_or_no_public_english_caption
missing,Sb2L2_RJ4KU,Mr. Juan Colon's speech at EPAT® convocation for aspiring quants – QuantInsti,https://www.youtube.com/watch?v=Sb2L2_RJ4KU,,,,not_fetched_or_no_public_english_caption
missing,EcLTXQJ3KFE,QuantInsti Epat review | Kaushik Das' success story,https://www.youtube.com/watch?v=EcLTXQJ3KFE,,,,not_fetched_or_no_public_english_caption
missing,zK9SoKdxCpI,"IBridgePy’s Latest Backtesting Features By Dr. Hui Liu - August 9, 2019",https://www.youtube.com/watch?v=zK9SoKdxCpI,,,,not_fetched_or_no_public_english_caption
missing,wxKLtaUryCw,Predict Trends In Stock Markets Using AI And Python Programming,https://www.youtube.com/watch?v=wxKLtaUryCw,,,,not_fetched_or_no_public_english_caption
missing,u5UUjHZQCFk,Ultimate Guide to Portfolio Management | Quantitative Trading Strategies | By Prodipta Ghosh,https://www.youtube.com/watch?v=u5UUjHZQCFk,,,,not_fetched_or_no_public_english_caption
missing,D8PDph35kKo,QuantInsti Epat review | Mauricio Loaiza's success story | Strategic Planning Analyst from Brazil,https://www.youtube.com/watch?v=D8PDph35kKo,,,,not_fetched_or_no_public_english_caption
missing,OVhWKpKx7cA,Algorithmic Trading | Is It Right for You & How To Get Started,https://www.youtube.com/watch?v=OVhWKpKx7cA,,,,not_fetched_or_no_public_english_caption
missing,xi1nFJl1pnM,QuantInsti Epat review | Rishabh Kathuria's success story | Computer Science Engineer | India,https://www.youtube.com/watch?v=xi1nFJl1pnM,,,,not_fetched_or_no_public_english_caption
missing,m4BFOSaos7M,Machine Learning for Trading | Dr. Ernest Chan,https://www.youtube.com/watch?v=m4BFOSaos7M,,,,not_fetched_or_no_public_english_caption
missing,t395X3vapHQ,QuantInsti EPAT Review | Tomáš Geissler's Success Story | Financial Consusltant | Czech Republic,https://www.youtube.com/watch?v=t395X3vapHQ,,,,not_fetched_or_no_public_english_caption
missing,huQX5KNDriw,QuantInsti EPAT Review | Kapil Shukla's Success Story | India,https://www.youtube.com/watch?v=huQX5KNDriw,,,,not_fetched_or_no_public_english_caption
missing,V0PT-7aXgGE,QuantInsti EPAT Review | Rohit Poddar's Success Story | MBA Graduate from IIM Ahmedabad,https://www.youtube.com/watch?v=V0PT-7aXgGE,,,,not_fetched_or_no_public_english_caption
missing,av0wVUACDto,Mr. Jacques Joubert’s speech at EPAT® convocation for aspiring quants – QuantInsti,https://www.youtube.com/watch?v=av0wVUACDto,,,,not_fetched_or_no_public_english_caption
missing,bUSbwtrK4hw,Mr. Nitish Maini’s speech at EPAT® convocation for aspiring quants – QuantInsti,https://www.youtube.com/watch?v=bUSbwtrK4hw,,,,not_fetched_or_no_public_english_caption
missing,fDqNKU5wiK0,Mr. Michael DeAddio’s speech at EPAT® convocation for aspiring quants – QuantInsti,https://www.youtube.com/watch?v=fDqNKU5wiK0,,,,not_fetched_or_no_public_english_caption
missing,R7y9-Z-LRwc,Master Algorithmic Trading With EPAT® (Executive Programme in Algorithmic Trading) | QuantInsti,https://www.youtube.com/watch?v=R7y9-Z-LRwc,,,,not_fetched_or_no_public_english_caption
missing,O8Tgv9vwuWA,Story Of Successful Women Algo Traders - QuantInsti,https://www.youtube.com/watch?v=O8Tgv9vwuWA,,,,not_fetched_or_no_public_english_caption
missing,WExt8o0s0hY,Forex Algo Trading | Algo Trading In FX Markets for Beginners | Dr. Alexis Stenfors,https://www.youtube.com/watch?v=WExt8o0s0hY,,,,not_fetched_or_no_public_english_caption
missing,26B4wAd7yHA,Machine Learning For Traders: Technical Indicators,https://www.youtube.com/watch?v=26B4wAd7yHA,,,,not_fetched_or_no_public_english_caption
missing,fGt08ilhvmA,Amol Chavan - #EPATian Success Story,https://www.youtube.com/watch?v=fGt08ilhvmA,,,,not_fetched_or_no_public_english_caption
missing,0IWLfTomLLg,Machine Learning For Traders - An Introduction To Classification,https://www.youtube.com/watch?v=0IWLfTomLLg,,,,not_fetched_or_no_public_english_caption
missing,oG4ks-9zYn8,Machine Learning For Traders: Importing Python Libraries,https://www.youtube.com/watch?v=oG4ks-9zYn8,,,,not_fetched_or_no_public_english_caption
missing,kQc3TVaO2J4,Machine Learning Trading | Terminologies,https://www.youtube.com/watch?v=kQc3TVaO2J4,,,,not_fetched_or_no_public_english_caption
missing,c6sKPJd0fDE,Machine Learning For Traders | An Introduction,https://www.youtube.com/watch?v=c6sKPJd0fDE,,,,not_fetched_or_no_public_english_caption
missing,kt1jSw9BDt0,Risk Management: Maximizing long-term growth by Marco Nicolás Dibo,https://www.youtube.com/watch?v=kt1jSw9BDt0,,,,not_fetched_or_no_public_english_caption
missing,qLIgx0S8D0w,Python Trading Strategies | Create Trading Strategies And Backtest | Portfolio Management Techniques,https://www.youtube.com/watch?v=qLIgx0S8D0w,,,,not_fetched_or_no_public_english_caption
missing,3xQW7Rm91hA,Forex Trading Strategies | Develop and Backtest Trading Ideas | Full FX Tutorial,https://www.youtube.com/watch?v=3xQW7Rm91hA,,,,not_fetched_or_no_public_english_caption
missing,QDz_3A1NuaQ,QuantInsti EPAT Review | Eriz Zárate's Success Story | Spain,https://www.youtube.com/watch?v=QDz_3A1NuaQ,,,,not_fetched_or_no_public_english_caption
missing,mxwYzflPmZw,How EPAT Can Help You! | By Nitesh Khandelwal,https://www.youtube.com/watch?v=mxwYzflPmZw,,,,not_fetched_or_no_public_english_caption
missing,1FkgwygSg1M,Mr. Ravi Varanasi's speech at EPAT™ convocation for aspiring quants - QuantInsti,https://www.youtube.com/watch?v=1FkgwygSg1M,,,,not_fetched_or_no_public_english_caption
missing,gnuyoviUKLA,QuantInsti EPAT Review | Guillermina Amorin's Success Story | Argentina,https://www.youtube.com/watch?v=gnuyoviUKLA,,,,not_fetched_or_no_public_english_caption
missing,0kfRqR6tnF4,QuantInsti EPAT Review | Nicolò Pirozzi's Success Story | Italy,https://www.youtube.com/watch?v=0kfRqR6tnF4,,,,not_fetched_or_no_public_english_caption
missing,GJS_-3NxXTY,How can a finance guy make career in Algorithmic Trading? #AlgoTradingAMA,https://www.youtube.com/watch?v=GJS_-3NxXTY,,,,not_fetched_or_no_public_english_caption
missing,W51hUiYENMI,Does algorithmic trading help in conquering the emotional shortcomings in trading? #AlgoTradingAMA,https://www.youtube.com/watch?v=W51hUiYENMI,,,,not_fetched_or_no_public_english_caption
missing,be5GIA4iitU,Do I need to learn Algo trading if ready-made software are available? #AlgoTradingAMA,https://www.youtube.com/watch?v=be5GIA4iitU,,,,not_fetched_or_no_public_english_caption
missing,Rexui8FzKNU,Seconds snapshot data Vs True tick-by-tick data #AlgoTradingAMA,https://www.youtube.com/watch?v=Rexui8FzKNU,,,,not_fetched_or_no_public_english_caption
missing,0JaVEiUYVs8,How to do step by step Algo trading from 0 to 90? #AlgoTradingAMA,https://www.youtube.com/watch?v=0JaVEiUYVs8,,,,not_fetched_or_no_public_english_caption
missing,kPDIbWP1VnE,Are sub accounts required to run multiple strategies? #AlgoTradingAMA,https://www.youtube.com/watch?v=kPDIbWP1VnE,,,,not_fetched_or_no_public_english_caption
missing,xyPme2gsulI,Will Artificial Intelligence algorithms change the future of Algo trading? #AlgoTradingAMA,https://www.youtube.com/watch?v=xyPme2gsulI,,,,not_fetched_or_no_public_english_caption
missing,6_A5-72zgW4,Which API interface do you suggest for Interactive Brokers? #AlgoTradingAMA,https://www.youtube.com/watch?v=6_A5-72zgW4,,,,not_fetched_or_no_public_english_caption
missing,UYilw_AvC7E,What is the role of Algo trading in the cryptocurrency boom? #AlgoTradingAMA,https://www.youtube.com/watch?v=UYilw_AvC7E,,,,not_fetched_or_no_public_english_caption
missing,ee-zjtUDPtg,Are there any standard strategies which can be used by people from non-programming backgrounds?,https://www.youtube.com/watch?v=ee-zjtUDPtg,,,,not_fetched_or_no_public_english_caption
missing,rgyunGcd4Fs,How is Algo trading helpful for retail traders? #AlgoTradingAMA,https://www.youtube.com/watch?v=rgyunGcd4Fs,,,,not_fetched_or_no_public_english_caption
missing,LnC6EeJCSXQ,What are the types of algorithms in automated trading? #AlgoTradingAMA,https://www.youtube.com/watch?v=LnC6EeJCSXQ,,,,not_fetched_or_no_public_english_caption
missing,ugHy1S5sSls,How comprehensive is EPAT programme? #AlgoTradingAMA,https://www.youtube.com/watch?v=ugHy1S5sSls,,,,not_fetched_or_no_public_english_caption
missing,6cNNY-FNze4,What are the approvals required for algorithmic trading? #AlgoTradingAMA,https://www.youtube.com/watch?v=6cNNY-FNze4,,,,not_fetched_or_no_public_english_caption
missing,BcyqWd2bLeE,What are the hardware requirements for algorithmic trading? #AlgoTradingAMA,https://www.youtube.com/watch?v=BcyqWd2bLeE,,,,not_fetched_or_no_public_english_caption
missing,dSXLAXakbho,Does QuantInsti help in preparing for the interviews? #AlgoTradingAMA,https://www.youtube.com/watch?v=dSXLAXakbho,,,,not_fetched_or_no_public_english_caption
missing,8mWsgF0Ra9g,How many hours a quant analyst spends on coding per day? #AlgoTradingAMA,https://www.youtube.com/watch?v=8mWsgF0Ra9g,,,,not_fetched_or_no_public_english_caption
missing,PjacA7wtSug,Are jobs in quant trading reserved for PhDs only? #AlgoTradingAMA,https://www.youtube.com/watch?v=PjacA7wtSug,,,,not_fetched_or_no_public_english_caption
missing,bK-fqLZ8eb4,How to generate consistent profits in algorithmic trading? #AlgoTradingAMA,https://www.youtube.com/watch?v=bK-fqLZ8eb4,,,,not_fetched_or_no_public_english_caption
missing,RQTulzGmBug,Does HFT has a negative impact on retail investors? #AlgoTradingAMA,https://www.youtube.com/watch?v=RQTulzGmBug,,,,not_fetched_or_no_public_english_caption
missing,c5kp6EgZyJ4,Why professionals from software/data science background can easily learn Algo trading?,https://www.youtube.com/watch?v=c5kp6EgZyJ4,,,,not_fetched_or_no_public_english_caption
missing,3ClgzylYmLg,Has conventional traders’ volume decreased after HFT entered in Indian markets? #AlgoTradingAMA,https://www.youtube.com/watch?v=3ClgzylYmLg,,,,not_fetched_or_no_public_english_caption
missing,SGsPQ8Tx8wk,How to understand if a market is saturated in terms of HFT/Algo Trading? #AlgoTradingAMA,https://www.youtube.com/watch?v=SGsPQ8Tx8wk,,,,not_fetched_or_no_public_english_caption
missing,EnQDHtifjVo,Modelling trading strategies: Landscape of systematic equity strategies,https://www.youtube.com/watch?v=EnQDHtifjVo,,,,not_fetched_or_no_public_english_caption
missing,aYVlD4f7PUA,Algorithmic trading strategy query addressed at #AlgoTradingAMA,https://www.youtube.com/watch?v=aYVlD4f7PUA,,,,not_fetched_or_no_public_english_caption
missing,Z6-JwD0sfLw,Is C++ used for Algo Trading? #AlgoTradingAMA,https://www.youtube.com/watch?v=Z6-JwD0sfLw,,,,not_fetched_or_no_public_english_caption
missing,E20_q9WLDwU,Algo trading prospects for experienced professionals from a non-trading background #AlgoTradingAMA,https://www.youtube.com/watch?v=E20_q9WLDwU,,,,not_fetched_or_no_public_english_caption
missing,oCrMULfj3Y0,What are the career opportunities in Algo trading? How can EPAT help? #AlgoTradingAMA,https://www.youtube.com/watch?v=oCrMULfj3Y0,,,,not_fetched_or_no_public_english_caption
missing,5cEiIj5GXsI,What does it take to be a successful algorithmic trader?,https://www.youtube.com/watch?v=5cEiIj5GXsI,,,,not_fetched_or_no_public_english_caption
missing,XsGsS5pcZPA,What are the skills required to land a job as an algorithmic trader? #AlgoTradingAMA,https://www.youtube.com/watch?v=XsGsS5pcZPA,,,,not_fetched_or_no_public_english_caption
missing,AQxzyqwrHII,Dr. Ernest Chan at QuantInsti's EPAT Convocation,https://www.youtube.com/watch?v=AQxzyqwrHII,,,,not_fetched_or_no_public_english_caption
missing,ieDPZLDLKU4,Learn Algorithmic Trading from Market Practitioners,https://www.youtube.com/watch?v=ieDPZLDLKU4,,,,not_fetched_or_no_public_english_caption
missing,ONirN9xJO-o,How to get started with algo trading without learning programming? #AlgoTradingAMA,https://www.youtube.com/watch?v=ONirN9xJO-o,,,,not_fetched_or_no_public_english_caption
missing,kjkKMaxLt7o,"How to quantify technical indicators, patterns and waves? #AlgoTradingAMA",https://www.youtube.com/watch?v=kjkKMaxLt7o,,,,not_fetched_or_no_public_english_caption
missing,Y-FHuQpi-Mo,Will the market be counterproductive if it is excessively algo traded? #AlgoTradingAMA,https://www.youtube.com/watch?v=Y-FHuQpi-Mo,,,,not_fetched_or_no_public_english_caption
missing,JaPYs1zYxJs,High-Frequency Traders Vs. Manual Day Traders #AlgoTradingAMA,https://www.youtube.com/watch?v=JaPYs1zYxJs,,,,not_fetched_or_no_public_english_caption
missing,_pBYXEbPKfQ,Where to get historical and real-time market data? #AlgoTradingAMA,https://www.youtube.com/watch?v=_pBYXEbPKfQ,,,,not_fetched_or_no_public_english_caption
missing,vcTuq3FQ1zs,"What is High-Frequency Trading, Low-Frequency Trading and Medium-Frequency Trading? #AlgoTradingAMA",https://www.youtube.com/watch?v=vcTuq3FQ1zs,,,,not_fetched_or_no_public_english_caption
missing,ZjZ_qWTGFB4,AMA on Algorithmic Trading | By Nitesh Khandelwal,https://www.youtube.com/watch?v=ZjZ_qWTGFB4,,,,not_fetched_or_no_public_english_caption
missing,5G7YdjnRvVI,Mean Reversion Trading Explained by Dr. Ernest Chan – Take Control of Your Trades!,https://www.youtube.com/watch?v=5G7YdjnRvVI,,,,not_fetched_or_no_public_english_caption
missing,yhF7VKQoA90,Sam’s Transition from an Experienced Computer Engineer to a Rising Algo Trader,https://www.youtube.com/watch?v=yhF7VKQoA90,,,,not_fetched_or_no_public_english_caption
missing,3tPMHBc_EN8,Build your own algos with ADL® by Trading Technologies,https://www.youtube.com/watch?v=3tPMHBc_EN8,,,,not_fetched_or_no_public_english_caption
missing,jsgNI5Vd8GI,How to start Algorithmic Trading?,https://www.youtube.com/watch?v=jsgNI5Vd8GI,,,,not_fetched_or_no_public_english_caption
missing,4Byp_JHZftE,Quantitative Finance |  Classification of Quantitative Trading Strategy | Radovan Vojtko,https://www.youtube.com/watch?v=4Byp_JHZftE,,,,not_fetched_or_no_public_english_caption
missing,V1vMkd8jFy4,Quantitative Finance | Machine Learning in Trading | Quantiacs | Eric Hamer,https://www.youtube.com/watch?v=V1vMkd8jFy4,,,,not_fetched_or_no_public_english_caption
missing,yInRBVHIi38,Python for Trading at Quantra,https://www.youtube.com/watch?v=yInRBVHIi38,,,,not_fetched_or_no_public_english_caption
missing,rTpPwU8lBuk,Trading with Machine Learning using Regression at Quantra,https://www.youtube.com/watch?v=rTpPwU8lBuk,,,,not_fetched_or_no_public_english_caption
missing,lnE3I80ahPE,How to use Quantra?,https://www.youtube.com/watch?v=lnE3I80ahPE,,,,not_fetched_or_no_public_english_caption
missing,iwJAgBynZK4,Multi Strategy Portfolios: Combining Quantitative Strategies by Derek Wong - 16 May 2017,https://www.youtube.com/watch?v=iwJAgBynZK4,,,,not_fetched_or_no_public_english_caption
missing,F5732QdbHcM,#EPATian Success Story - V. Sankar Narayanan,https://www.youtube.com/watch?v=F5732QdbHcM,,,,not_fetched_or_no_public_english_caption
missing,MxT-l_WtRWI,#EPATian Success Story - Himanshu Babbar,https://www.youtube.com/watch?v=MxT-l_WtRWI,,,,not_fetched_or_no_public_english_caption
missing,vqFHPa3o9Gw,Trading Using Options Sentiment Indicators at Quantra.,https://www.youtube.com/watch?v=vqFHPa3o9Gw,,,,not_fetched_or_no_public_english_caption
missing,o5BFAQK_Acw,Can we use Mixture Models to Predict Market Bottoms? by Brian Christopher - 25th April 2017,https://www.youtube.com/watch?v=o5BFAQK_Acw,,,,not_fetched_or_no_public_english_caption
missing,y8cbF81rIRw,Implied Volatility From Theory to Practice | By Arnav Sheth,https://www.youtube.com/watch?v=y8cbF81rIRw,,,,not_fetched_or_no_public_english_caption
missing,nqSQoXpHqIk,Webinar on Pairs Trading and Sourcing Data - Marco Nicolás Dibo,https://www.youtube.com/watch?v=nqSQoXpHqIk,,,,not_fetched_or_no_public_english_caption
missing,9wafsRqRtvc,Webinar on Quantitative Strategies with Fundamentals - Deepak Shenoy,https://www.youtube.com/watch?v=9wafsRqRtvc,,,,not_fetched_or_no_public_english_caption
missing,BrUdMUx7VLY,"Webinar on Futures Trading, Sourcing Data, and Challenges of Data Analysis - Maxime Fages",https://www.youtube.com/watch?v=BrUdMUx7VLY,,,,not_fetched_or_no_public_english_caption
missing,yfAVYce7Xhk,How to Use Financial Market Data for Fundamental and Quantitative Analysis - 21st Feb 2017,https://www.youtube.com/watch?v=yfAVYce7Xhk,,,,not_fetched_or_no_public_english_caption
missing,bGLOAC1TPr4,Introduction to Algo Trading at Quantra,https://www.youtube.com/watch?v=bGLOAC1TPr4,,,,not_fetched_or_no_public_english_caption
missing,hEXYYf855Xw,Statistical Arbitrage Trading at Quantra,https://www.youtube.com/watch?v=hEXYYf855Xw,,,,not_fetched_or_no_public_english_caption
missing,UXGjeVQd_yU,Career Development in to Algorithmic Trading | Jobs in Algorithmic/HFT Trading,https://www.youtube.com/watch?v=UXGjeVQd_yU,,,,not_fetched_or_no_public_english_caption
missing,ZUzBAHKRmiE,Alpha Generation: Controlling Intraday Risk Profile by Stephanie Toper - 10 January 2017,https://www.youtube.com/watch?v=ZUzBAHKRmiE,,,,not_fetched_or_no_public_english_caption
missing,Pl2-SVwMW_A,Jacques Joubert - #EPATian Success Story,https://www.youtube.com/watch?v=Pl2-SVwMW_A,,,,not_fetched_or_no_public_english_caption
missing,Cg3gejGX3Xk,Trading with Interactive Brokers (Using Python) | By Dr. Hui Liu,https://www.youtube.com/watch?v=Cg3gejGX3Xk,,,,not_fetched_or_no_public_english_caption
missing,IZ2EEswfW2g,"Impact of Brexit and Recent Market Events on Algorithmic Trading - July 19, 2016",https://www.youtube.com/watch?v=IZ2EEswfW2g,,,,not_fetched_or_no_public_english_caption
missing,JAk20F2IWJ4,Quantitative Trading using Sentiment Analysis | By Rajib Ranjan Borah,https://www.youtube.com/watch?v=JAk20F2IWJ4,,,,not_fetched_or_no_public_english_caption
missing,6TgMx6dKk64,"Informative Session about Algorithmic Trading by Nitesh Khandelwal - May 24, 2016",https://www.youtube.com/watch?v=6TgMx6dKk64,,,,not_fetched_or_no_public_english_caption
missing,CQjAA_VFg_E,"Algorithmic Trading in India by Mr  Praveen Gupta, CEO - Symphony Fintech",https://www.youtube.com/watch?v=CQjAA_VFg_E,,,,not_fetched_or_no_public_english_caption
missing,V7UGqi83iJw,Leveraging Artificial Intelligence to Build Algorithmic Trading Strategies,https://www.youtube.com/watch?v=V7UGqi83iJw,,,,not_fetched_or_no_public_english_caption
missing,blnJn1aCfDw,Automated Trading with Python | Webinar by Dr. Yves J. Hilpisch,https://www.youtube.com/watch?v=blnJn1aCfDw,,,,not_fetched_or_no_public_english_caption
missing,DpWDnGByVq0,Sunil Kumar Gunturi - QuantInsti Alumni Testimonial,https://www.youtube.com/watch?v=DpWDnGByVq0,,,,not_fetched_or_no_public_english_caption
missing,A77ZtmFl3Mw,Sridhar - QuantInsti Alumni Testimonial,https://www.youtube.com/watch?v=A77ZtmFl3Mw,,,,not_fetched_or_no_public_english_caption
missing,kJx8Iz6QGFI,Roshan D'Almeida - QuantInsti Alumni Testimonial,https://www.youtube.com/watch?v=kJx8Iz6QGFI,,,,not_fetched_or_no_public_english_caption
missing,Ss21f5bcnNU,Kunal Dave - QuantInsti Alumni Testimonial,https://www.youtube.com/watch?v=Ss21f5bcnNU,,,,not_fetched_or_no_public_english_caption
missing,0gkurrEqzvc,QuantInsti’s Alumni Speaks!,https://www.youtube.com/watch?v=0gkurrEqzvc,,,,not_fetched_or_no_public_english_caption
missing,FXu4UR3QxDw,Why EPAT (Executive Programme in Algorithmic Trading)?,https://www.youtube.com/watch?v=FXu4UR3QxDw,,,,not_fetched_or_no_public_english_caption
missing,F39tB9HS6bE,What is EPAT (Executive Programme in Algorithmic Trading)?,https://www.youtube.com/watch?v=F39tB9HS6bE,,,,not_fetched_or_no_public_english_caption
missing,zafDje53SpI,How QuantInsti Programs Helped Trading Industry?,https://www.youtube.com/watch?v=zafDje53SpI,,,,not_fetched_or_no_public_english_caption
missing,uQeqfiRMutw,How QuantInsti Helps with Job Placements?,https://www.youtube.com/watch?v=uQeqfiRMutw,,,,not_fetched_or_no_public_english_caption
missing,MRRO1IwefJs,How QuantInsti Helps to Prepare Career in Algorithmic and Quantitative Trading?,https://www.youtube.com/watch?v=MRRO1IwefJs,,,,not_fetched_or_no_public_english_caption
missing,CFcsuQaU-TA,Bursa Malaysia Derivatives (BMD) Session at QuantInsti,https://www.youtube.com/watch?v=CFcsuQaU-TA,,,,not_fetched_or_no_public_english_caption
missing,U3n-T4DYcXI,Algorithmic Trading for Computer Science Students,https://www.youtube.com/watch?v=U3n-T4DYcXI,,,,not_fetched_or_no_public_english_caption
missing,6df406U1qn0,Algorithmic Trading - Why you need to automate your strategies?,https://www.youtube.com/watch?v=6df406U1qn0,,,,not_fetched_or_no_public_english_caption
missing,Pjtuw3y6W2A,The Ultimate Guide to Momentum Trading: Learn Low and High Frequency Techniques,https://www.youtube.com/watch?v=Pjtuw3y6W2A,,,,not_fetched_or_no_public_english_caption
missing,DPj3uuZ2gy4,Rajib Ranjan Borah at POC2015 - Trade Options and be ahead of the markets,https://www.youtube.com/watch?v=DPj3uuZ2gy4,,,,not_fetched_or_no_public_english_caption
missing,ELuhEqwSEt4,Nitesh Khandelwal at POC2015 - Trade Futures and be ahead of the markets,https://www.youtube.com/watch?v=ELuhEqwSEt4,,,,not_fetched_or_no_public_english_caption
missing,hTWi3kkHABQ,POC2015 - BURSA MALAYSIA DERIVATIVES WORKSHOP (2nd March 2015),https://www.youtube.com/watch?v=hTWi3kkHABQ,,,,not_fetched_or_no_public_english_caption
missing,uzAhV94UiF8,[WEBINAR] Changing Notions of Risk Management in Current Markets,https://www.youtube.com/watch?v=uzAhV94UiF8,,,,not_fetched_or_no_public_english_caption
missing,ShC2OLijuOE,Options Greeks - Vega increases or decreases with respect to the time to expiry?,https://www.youtube.com/watch?v=ShC2OLijuOE,,,,not_fetched_or_no_public_english_caption
missing,SF_tPlh69bI,Options Greeks - Highest Gamma at in the money option,https://www.youtube.com/watch?v=SF_tPlh69bI,,,,not_fetched_or_no_public_english_caption
missing,5eLG1mCOHX0,Algorithmic Trading in Different Geographies,https://www.youtube.com/watch?v=5eLG1mCOHX0,,,,not_fetched_or_no_public_english_caption
missing,NsKMj-CVtj8,QUANTINSTI -  Algorithmic and Quantitative Trading Institute,https://www.youtube.com/watch?v=NsKMj-CVtj8,,,,not_fetched_or_no_public_english_caption
missing,03s4L2F0qZg,Get a glimpse of the strategy,https://www.youtube.com/watch?v=03s4L2F0qZg,,,,not_fetched_or_no_public_english_caption
missing,PL8aVde9c2w,Order book dynamics in High Frequency Trading,https://www.youtube.com/watch?v=PL8aVde9c2w,,,,not_fetched_or_no_public_english_caption
missing,psR4U_iMDCc,QuantInsti's Success Story - Yuvraj Thakker,https://www.youtube.com/watch?v=psR4U_iMDCc,,,,not_fetched_or_no_public_english_caption
missing,bSMlQOc6uo0,"Quantified News Analytics Based Strategies - Rajib Borah, Co-Founder & Director",https://www.youtube.com/watch?v=bSMlQOc6uo0,,,,not_fetched_or_no_public_english_caption
missing,HD-nEPItQ2Q,"About Algorithmic Trading - Shaurya Chandra, Director - QuantInsti",https://www.youtube.com/watch?v=HD-nEPItQ2Q,,,,not_fetched_or_no_public_english_caption
missing,FMDCnrzdW4I,"Need for Learning Algorithmic Trading, Gaurav Raizada - Director, QuantInsti",https://www.youtube.com/watch?v=FMDCnrzdW4I,,,,not_fetched_or_no_public_english_caption
missing,nzPX_NQZuKg,Webinar Topic: A sneak peek into Artificial Intelligence based HFT Trading Strategies,https://www.youtube.com/watch?v=nzPX_NQZuKg,,,,not_fetched_or_no_public_english_caption
missing,na4Ii2hxP2w,Changing Trading Ecosystem in India - QuantInsti,https://www.youtube.com/watch?v=na4Ii2hxP2w,,,,not_fetched_or_no_public_english_caption
missing,3_mOVNWMLeE,How to start your own Quantitative Trading desk | Algorithmic Trading Workshop,https://www.youtube.com/watch?v=3_mOVNWMLeE,,,,not_fetched_or_no_public_english_caption
missing,o9O9WqJgXks,Careers in Finance for Technology Graduates - Algorithmic Trading Workshop - QuantInsti,https://www.youtube.com/watch?v=o9O9WqJgXks,,,,not_fetched_or_no_public_english_caption
missing,LkjpZ-pirGM,Webinar Topic: How to Design Quant Trading Strategies using “R”? - QuantInsti,https://www.youtube.com/watch?v=LkjpZ-pirGM,,,,not_fetched_or_no_public_english_caption
missing,2OqpdT9HuIU,Managing a Portfolio Orderbook and How Automated Trading makes it easier? - QuantInsti,https://www.youtube.com/watch?v=2OqpdT9HuIU,,,,not_fetched_or_no_public_english_caption
missing,xXdowW7eUPQ,Webinar Topic: Performance Ratios and Money Management Techniques - QuantInsti,https://www.youtube.com/watch?v=xXdowW7eUPQ,,,,not_fetched_or_no_public_english_caption
missing,6RiHCH5IPr4,Webinar Topic: Latency War The Present The Future - QuantInsti,https://www.youtube.com/watch?v=6RiHCH5IPr4,,,,not_fetched_or_no_public_english_caption
missing,MwD7WL9pbUo,Webinar Topic: Paradigms of Trading Strategy Formulation - QuantInsti,https://www.youtube.com/watch?v=MwD7WL9pbUo,,,,not_fetched_or_no_public_english_caption
missing,UvfhuQddUXw,Webinar Topic: Quantitative News Trading -Is it the next big thing? - QuantInsti,https://www.youtube.com/watch?v=UvfhuQddUXw,,,,not_fetched_or_no_public_english_caption
missing,vau7GwumxRo,Quantitative Trading Strategy | Create and Backtest | Quantitative Trading Tutorial,https://www.youtube.com/watch?v=vau7GwumxRo,,,,not_fetched_or_no_public_english_caption
missing,pxl82Y2lWks,Introduction to Algorithmic Trading [For Beginners],https://www.youtube.com/watch?v=pxl82Y2lWks,,,,not_fetched_or_no_public_english_caption
missing,Bv3h17UXsco,"Basic Definition of Derivatives, Options and Futures | By Nitesh Khandelwal",https://www.youtube.com/watch?v=Bv3h17UXsco,,,,not_fetched_or_no_public_english_caption
missing,2uMIV_YQY-0,Long-term Investment & High-Frequency trading: How are they different? - QuantInsti,https://www.youtube.com/watch?v=2uMIV_YQY-0,,,,not_fetched_or_no_public_english_caption
missing,XjL24eujbIQ,High Frequency trading provides liquidity in markets - QuantInsti,https://www.youtube.com/watch?v=XjL24eujbIQ,,,,not_fetched_or_no_public_english_caption
missing,JosjbLPnfp0,Search for Alpha through faster communications - QuantInsti,https://www.youtube.com/watch?v=JosjbLPnfp0,,,,not_fetched_or_no_public_english_caption
missing,Aa_c7qlLOUI,Webinar Topic: Algorithmic Trading for Technocrats - QuantInsti,https://www.youtube.com/watch?v=Aa_c7qlLOUI,,,,not_fetched_or_no_public_english_caption
missing,-A8waCX_xyg,FIX Conference 4th March 2013: Social role of HFT - QuantInsti,https://www.youtube.com/watch?v=-A8waCX_xyg,,,,not_fetched_or_no_public_english_caption
missing,Q6OyZ7PKXTY,FIX Conference 4th March 2013: Impact of transaction costs on liquidity - QuantInsti,https://www.youtube.com/watch?v=Q6OyZ7PKXTY,,,,not_fetched_or_no_public_english_caption
missing,pJdhjKmC2Eg,Glimpse of FIX Conference: Algorithmic trading at MCXSX - QuantInsti,https://www.youtube.com/watch?v=pJdhjKmC2Eg,,,,not_fetched_or_no_public_english_caption
missing,ghKV8EL6XjM,Executive Programme in Algorithmic Trading Explained [WEBINAR] - QuantInsti,https://www.youtube.com/watch?v=ghKV8EL6XjM,,,,not_fetched_or_no_public_english_caption
missing,ApMHG7irlTA,Workshops in NMIMS: Pair Trading and Statistical Arbitrage - Part 2 - Quantinsti,https://www.youtube.com/watch?v=ApMHG7irlTA,,,,not_fetched_or_no_public_english_caption
missing,iynYnD36eTc,Workshops in NMIMS: Pair Trading and Statistical Arbitrage - Part 1 - Quantinsti,https://www.youtube.com/watch?v=iynYnD36eTc,,,,not_fetched_or_no_public_english_caption
missing,CremTu4T1QU,Brief Introduction to Options Trading | QuantInsti,https://www.youtube.com/watch?v=CremTu4T1QU,,,,not_fetched_or_no_public_english_caption
missing,djYy8aaoE-E,Order Routing and Understanding FIX - Quantinsti,https://www.youtube.com/watch?v=djYy8aaoE-E,,,,not_fetched_or_no_public_english_caption
missing,xsjme5wwsx0,Workshop in NMIMS: Option Greeks and Option Trading Strategies - Quantinsti,https://www.youtube.com/watch?v=xsjme5wwsx0,,,,not_fetched_or_no_public_english_caption
missing,_FXE8HrZa74,Advantages of Algorithmic Trading - Quantinsti,https://www.youtube.com/watch?v=_FXE8HrZa74,,,,not_fetched_or_no_public_english_caption
missing,fy4hLEdD-eg,Volume Weighted Average Price - Quantinsti,https://www.youtube.com/watch?v=fy4hLEdD-eg,,,,not_fetched_or_no_public_english_caption
missing,56Wv-O7urEE,Glimpse of the Seminar held with a leading exchange in Mumbai - Quantinsti,https://www.youtube.com/watch?v=56Wv-O7urEE,,,,not_fetched_or_no_public_english_caption
missing,Kp9rB3Gu6Go,Future of Algo Trading - Quantinsti,https://www.youtube.com/watch?v=Kp9rB3Gu6Go,,,,not_fetched_or_no_public_english_caption
missing,TKYL8YEQS2k,Strategy Building in Algo Trading Platform by Quantinsti.com - Quantinsti,https://www.youtube.com/watch?v=TKYL8YEQS2k,,,,not_fetched_or_no_public_english_caption
missing,GwXNvRBKQ3A,Back-testing in Algo Trading Platform - Quantinsti,https://www.youtube.com/watch?v=GwXNvRBKQ3A,,,,not_fetched_or_no_public_english_caption
missing,1zX8lWga2-Y,System Architecture of Algo Trading Platform,https://www.youtube.com/watch?v=1zX8lWga2-Y,,,,not_fetched_or_no_public_english_caption
missing,354kl_Cvl4A,Seminar Topic: Rising Trend of Algorithmic Trading in India - Quantinsti,https://www.youtube.com/watch?v=354kl_Cvl4A,,,,not_fetched_or_no_public_english_caption
missing,SmQ3m0h3DKY,Seminar Topic: Unravel the Mysteries of Algorithmic Trading - Quantinsti,https://www.youtube.com/watch?v=SmQ3m0h3DKY,,,,not_fetched_or_no_public_english_caption
missing,xod7ObruxZE,QuantInsti's Success Story - Dr. Panashe Chiurunge,https://www.youtube.com/watch?v=xod7ObruxZE,,,,not_fetched_or_no_public_english_caption
missing,aoGbc2euL8I,EPAT Lecture Series : Market Microstructure - Quantinsti,https://www.youtube.com/watch?v=aoGbc2euL8I,,,,not_fetched_or_no_public_english_caption
